2025/05/02 17:33:39 [error] [exception.CHttpException.403] CHttpException: You are not allowed to access this page. in /var/www/html/WebRoot/vendor/yiisoft/yii/framework/gii/GiiModule.php:170
Stack trace:
#0 /var/www/html/WebRoot/vendor/yiisoft/yii/framework/web/CController.php(263): GiiModule->beforeControllerAction(Object(DefaultController), Object(CInlineAction))
#1 /var/www/html/WebRoot/vendor/yiisoft/yii/framework/web/CWebApplication.php(282): CController->run('')
#2 /var/www/html/WebRoot/vendor/yiisoft/yii/framework/web/CWebApplication.php(141): CWebApplication->runController('gii')
#3 /var/www/html/WebRoot/vendor/yiisoft/yii/framework/base/CApplication.php(185): CWebApplication->processRequest()
#4 /var/www/html/WebRoot/src/index.php(13): CApplication->run()
#5 {main}
REQUEST_URI=/index.php?r=gii
---
2025/05/02 17:34:10 [error] [exception.CHttpException.403] CHttpException: You are not allowed to access this page. in /var/www/html/WebRoot/vendor/yiisoft/yii/framework/gii/GiiModule.php:170
Stack trace:
#0 /var/www/html/WebRoot/vendor/yiisoft/yii/framework/web/CController.php(263): GiiModule->beforeControllerAction(Object(DefaultController), Object(CInlineAction))
#1 /var/www/html/WebRoot/vendor/yiisoft/yii/framework/web/CWebApplication.php(282): CController->run('login')
#2 /var/www/html/WebRoot/vendor/yiisoft/yii/framework/web/CWebApplication.php(141): CWebApplication->runController('gii/default/log...')
#3 /var/www/html/WebRoot/vendor/yiisoft/yii/framework/base/CApplication.php(185): CWebApplication->processRequest()
#4 /var/www/html/WebRoot/src/index.php(13): CApplication->run()
#5 {main}
REQUEST_URI=/index.php?r=gii/default/login
---
2025/05/02 17:35:51 [error] [exception.CHttpException.403] CHttpException: You are not allowed to access this page. in /var/www/html/WebRoot/vendor/yiisoft/yii/framework/gii/GiiModule.php:170
Stack trace:
#0 /var/www/html/WebRoot/vendor/yiisoft/yii/framework/web/CController.php(263): GiiModule->beforeControllerAction(Object(DefaultController), Object(CInlineAction))
#1 /var/www/html/WebRoot/vendor/yiisoft/yii/framework/web/CWebApplication.php(282): CController->run('login')
#2 /var/www/html/WebRoot/vendor/yiisoft/yii/framework/web/CWebApplication.php(141): CWebApplication->runController('gii/default/log...')
#3 /var/www/html/WebRoot/vendor/yiisoft/yii/framework/base/CApplication.php(185): CWebApplication->processRequest()
#4 /var/www/html/WebRoot/src/index.php(13): CApplication->run()
#5 {main}
REQUEST_URI=/index.php?r=gii/default/login
---
2025/05/02 17:35:58 [error] [exception.CHttpException.403] CHttpException: You are not allowed to access this page. in /var/www/html/WebRoot/vendor/yiisoft/yii/framework/gii/GiiModule.php:170
Stack trace:
#0 /var/www/html/WebRoot/vendor/yiisoft/yii/framework/web/CController.php(263): GiiModule->beforeControllerAction(Object(DefaultController), Object(CInlineAction))
#1 /var/www/html/WebRoot/vendor/yiisoft/yii/framework/web/CWebApplication.php(282): CController->run('login')
#2 /var/www/html/WebRoot/vendor/yiisoft/yii/framework/web/CWebApplication.php(141): CWebApplication->runController('gii/default/log...')
#3 /var/www/html/WebRoot/vendor/yiisoft/yii/framework/base/CApplication.php(185): CWebApplication->processRequest()
#4 /var/www/html/WebRoot/src/index.php(13): CApplication->run()
#5 {main}
REQUEST_URI=/index.php?r=gii/default/login
---
2025/05/02 17:36:02 [error] [exception.CHttpException.403] CHttpException: You are not allowed to access this page. in /var/www/html/WebRoot/vendor/yiisoft/yii/framework/gii/GiiModule.php:170
Stack trace:
#0 /var/www/html/WebRoot/vendor/yiisoft/yii/framework/web/CController.php(263): GiiModule->beforeControllerAction(Object(DefaultController), Object(CInlineAction))
#1 /var/www/html/WebRoot/vendor/yiisoft/yii/framework/web/CWebApplication.php(282): CController->run('login')
#2 /var/www/html/WebRoot/vendor/yiisoft/yii/framework/web/CWebApplication.php(141): CWebApplication->runController('gii/default/log...')
#3 /var/www/html/WebRoot/vendor/yiisoft/yii/framework/base/CApplication.php(185): CWebApplication->processRequest()
#4 /var/www/html/WebRoot/src/index.php(13): CApplication->run()
#5 {main}
REQUEST_URI=/index.php?r=gii/default/login
---
2025/05/02 17:36:06 [error] [exception.CHttpException.403] CHttpException: You are not allowed to access this page. in /var/www/html/WebRoot/vendor/yiisoft/yii/framework/gii/GiiModule.php:170
Stack trace:
#0 /var/www/html/WebRoot/vendor/yiisoft/yii/framework/web/CController.php(263): GiiModule->beforeControllerAction(Object(DefaultController), Object(CInlineAction))
#1 /var/www/html/WebRoot/vendor/yiisoft/yii/framework/web/CWebApplication.php(282): CController->run('login')
#2 /var/www/html/WebRoot/vendor/yiisoft/yii/framework/web/CWebApplication.php(141): CWebApplication->runController('gii/default/log...')
#3 /var/www/html/WebRoot/vendor/yiisoft/yii/framework/base/CApplication.php(185): CWebApplication->processRequest()
#4 /var/www/html/WebRoot/src/index.php(13): CApplication->run()
#5 {main}
REQUEST_URI=/index.php?r=gii/default/login
---
2025/05/02 17:36:10 [error] [exception.CHttpException.403] CHttpException: You are not allowed to access this page. in /var/www/html/WebRoot/vendor/yiisoft/yii/framework/gii/GiiModule.php:170
Stack trace:
#0 /var/www/html/WebRoot/vendor/yiisoft/yii/framework/web/CController.php(263): GiiModule->beforeControllerAction(Object(DefaultController), Object(CInlineAction))
#1 /var/www/html/WebRoot/vendor/yiisoft/yii/framework/web/CWebApplication.php(282): CController->run('login')
#2 /var/www/html/WebRoot/vendor/yiisoft/yii/framework/web/CWebApplication.php(141): CWebApplication->runController('gii/default/log...')
#3 /var/www/html/WebRoot/vendor/yiisoft/yii/framework/base/CApplication.php(185): CWebApplication->processRequest()
#4 /var/www/html/WebRoot/src/index.php(13): CApplication->run()
#5 {main}
REQUEST_URI=/index.php?r=gii/default/login
---
2025/05/02 17:36:28 [error] [exception.CHttpException.403] CHttpException: You are not allowed to access this page. in /var/www/html/WebRoot/vendor/yiisoft/yii/framework/gii/GiiModule.php:170
Stack trace:
#0 /var/www/html/WebRoot/vendor/yiisoft/yii/framework/web/CController.php(263): GiiModule->beforeControllerAction(Object(DefaultController), Object(CInlineAction))
#1 /var/www/html/WebRoot/vendor/yiisoft/yii/framework/web/CWebApplication.php(282): CController->run('login')
#2 /var/www/html/WebRoot/vendor/yiisoft/yii/framework/web/CWebApplication.php(141): CWebApplication->runController('gii/default/log...')
#3 /var/www/html/WebRoot/vendor/yiisoft/yii/framework/base/CApplication.php(185): CWebApplication->processRequest()
#4 /var/www/html/WebRoot/src/index.php(13): CApplication->run()
#5 {main}
REQUEST_URI=/index.php?r=gii/default/login
---
2025/05/02 17:37:34 [error] [exception.CHttpException.403] CHttpException: You are not allowed to access this page. in /var/www/html/WebRoot/vendor/yiisoft/yii/framework/gii/GiiModule.php:170
Stack trace:
#0 /var/www/html/WebRoot/vendor/yiisoft/yii/framework/web/CController.php(263): GiiModule->beforeControllerAction(Object(DefaultController), Object(CInlineAction))
#1 /var/www/html/WebRoot/vendor/yiisoft/yii/framework/web/CWebApplication.php(282): CController->run('login')
#2 /var/www/html/WebRoot/vendor/yiisoft/yii/framework/web/CWebApplication.php(141): CWebApplication->runController('gii/default/log...')
#3 /var/www/html/WebRoot/vendor/yiisoft/yii/framework/base/CApplication.php(185): CWebApplication->processRequest()
#4 /var/www/html/WebRoot/src/index.php(13): CApplication->run()
#5 {main}
REQUEST_URI=/index.php?r=gii/default/login
---
2025/05/02 18:17:52 [error] [exception.CHttpException.404] CHttpException: Unable to resolve the request "test". in /var/www/html/WebRoot/vendor/yiisoft/yii/framework/web/CWebApplication.php:286
Stack trace:
#0 /var/www/html/WebRoot/vendor/yiisoft/yii/framework/web/CWebApplication.php(141): CWebApplication->runController('test')
#1 /var/www/html/WebRoot/vendor/yiisoft/yii/framework/base/CApplication.php(185): CWebApplication->processRequest()
#2 /var/www/html/WebRoot/src/index.php(13): CApplication->run()
#3 {main}
REQUEST_URI=/index.php?r=test
---
2025/05/02 18:17:58 [error] [php] include(CControler.php): failed to open stream: No such file or directory (/var/www/html/WebRoot/vendor/yiisoft/yii/framework/YiiBase.php:463)
Stack trace:
#0 /var/www/html/WebRoot/src/protected/components/RestController.php(2): spl_autoload_call()
#1 /var/www/html/WebRoot/vendor/yiisoft/yii/framework/YiiBase.php(463): include()
#2 unknown(0): autoload()
#3 /var/www/html/WebRoot/src/protected/controllers/SiteController.php(3): spl_autoload_call()
#4 /var/www/html/WebRoot/vendor/yiisoft/yii/framework/web/CWebApplication.php(354): require()
#5 /var/www/html/WebRoot/vendor/yiisoft/yii/framework/web/CWebApplication.php(276): CWebApplication->createController()
#6 /var/www/html/WebRoot/vendor/yiisoft/yii/framework/web/CWebApplication.php(141): CWebApplication->runController()
#7 /var/www/html/WebRoot/vendor/yiisoft/yii/framework/base/CApplication.php(185): CWebApplication->processRequest()
#8 /var/www/html/WebRoot/src/index.php(13): CWebApplication->run()
REQUEST_URI=/index.php?
in /var/www/html/WebRoot/src/protected/components/RestController.php (2)
in /var/www/html/WebRoot/src/protected/controllers/SiteController.php (3)
in /var/www/html/WebRoot/src/index.php (13)
2025/05/02 18:19:51 [error] [php] include(CControler.php): failed to open stream: No such file or directory (/var/www/html/WebRoot/vendor/yiisoft/yii/framework/YiiBase.php:463)
Stack trace:
#0 /var/www/html/WebRoot/src/protected/components/RestController.php(2): spl_autoload_call()
#1 /var/www/html/WebRoot/vendor/yiisoft/yii/framework/YiiBase.php(463): include()
#2 unknown(0): autoload()
#3 /var/www/html/WebRoot/src/protected/controllers/SiteController.php(3): spl_autoload_call()
#4 /var/www/html/WebRoot/vendor/yiisoft/yii/framework/web/CWebApplication.php(354): require()
#5 /var/www/html/WebRoot/vendor/yiisoft/yii/framework/web/CWebApplication.php(276): CWebApplication->createController()
#6 /var/www/html/WebRoot/vendor/yiisoft/yii/framework/web/CWebApplication.php(141): CWebApplication->runController()
#7 /var/www/html/WebRoot/vendor/yiisoft/yii/framework/base/CApplication.php(185): CWebApplication->processRequest()
#8 /var/www/html/WebRoot/src/index.php(10): CWebApplication->run()
REQUEST_URI=/index.php?
in /var/www/html/WebRoot/src/protected/components/RestController.php (2)
in /var/www/html/WebRoot/src/protected/controllers/SiteController.php (3)
in /var/www/html/WebRoot/src/index.php (10)
2025/05/02 19:24:10 [error] [exception.CDbException] CDbException: CDbConnection failed to open the DB connection: could not find driver in /var/www/html/WebRoot/vendor/yiisoft/yii/framework/db/CDbConnection.php:399
Stack trace:
#0 /var/www/html/WebRoot/vendor/yiisoft/yii/framework/db/CDbConnection.php(347): CDbConnection->open()
#1 /var/www/html/WebRoot/vendor/yiisoft/yii/framework/db/CDbConnection.php(325): CDbConnection->setActive(true)
#2 /var/www/html/WebRoot/vendor/yiisoft/yii/framework/base/CModule.php(394): CDbConnection->init()
#3 /var/www/html/WebRoot/vendor/yiisoft/yii/framework/base/CModule.php(103): CModule->getComponent('db')
#4 /var/www/html/WebRoot/vendor/yiisoft/yii/framework/gii/generators/model/ModelCode.php(60): CModule->__get('db')
#5 /var/www/html/WebRoot/vendor/yiisoft/yii/framework/web/CFormModel.php(39): ModelCode->init()
#6 /var/www/html/WebRoot/vendor/yiisoft/yii/framework/gii/CCodeGenerator.php(153): CFormModel->__construct()
#7 /var/www/html/WebRoot/vendor/yiisoft/yii/framework/gii/CCodeGenerator.php(63): CCodeGenerator->prepare()
#8 /var/www/html/WebRoot/vendor/yiisoft/yii/framework/web/actions/CInlineAction.php(49): CCodeGenerator->actionIndex()
#9 /var/www/html/WebRoot/vendor/yiisoft/yii/framework/web/CController.php(308): CInlineAction->runWithParams(Array)
#10 /var/www/html/WebRoot/vendor/yiisoft/yii/framework/web/CController.php(286): CController->runAction(Object(CInlineAction))
#11 /var/www/html/WebRoot/vendor/yiisoft/yii/framework/web/CController.php(265): CController->runActionWithFilters(Object(CInlineAction), Array)
#12 /var/www/html/WebRoot/vendor/yiisoft/yii/framework/web/CWebApplication.php(282): CController->run('index')
#13 /var/www/html/WebRoot/vendor/yiisoft/yii/framework/web/CWebApplication.php(141): CWebApplication->runController('gii/model/index')
#14 /var/www/html/WebRoot/vendor/yiisoft/yii/framework/base/CApplication.php(185): CWebApplication->processRequest()
#15 /var/www/html/WebRoot/src/index.php(10): CApplication->run()
#16 {main}
REQUEST_URI=/index.php?r=gii/model/index
HTTP_REFERER=http://localhost:8080/index.php?r=gii/default/index
---
2025/05/02 19:24:59 [error] [exception.CDbException] CDbException: CDbConnection failed to open the DB connection: could not find driver in /var/www/html/WebRoot/vendor/yiisoft/yii/framework/db/CDbConnection.php:399
Stack trace:
#0 /var/www/html/WebRoot/vendor/yiisoft/yii/framework/db/CDbConnection.php(347): CDbConnection->open()
#1 /var/www/html/WebRoot/vendor/yiisoft/yii/framework/db/CDbConnection.php(325): CDbConnection->setActive(true)
#2 /var/www/html/WebRoot/vendor/yiisoft/yii/framework/base/CModule.php(394): CDbConnection->init()
#3 /var/www/html/WebRoot/vendor/yiisoft/yii/framework/base/CModule.php(103): CModule->getComponent('db')
#4 /var/www/html/WebRoot/vendor/yiisoft/yii/framework/gii/generators/model/ModelCode.php(60): CModule->__get('db')
#5 /var/www/html/WebRoot/vendor/yiisoft/yii/framework/web/CFormModel.php(39): ModelCode->init()
#6 /var/www/html/WebRoot/vendor/yiisoft/yii/framework/gii/CCodeGenerator.php(153): CFormModel->__construct()
#7 /var/www/html/WebRoot/vendor/yiisoft/yii/framework/gii/CCodeGenerator.php(63): CCodeGenerator->prepare()
#8 /var/www/html/WebRoot/vendor/yiisoft/yii/framework/web/actions/CInlineAction.php(49): CCodeGenerator->actionIndex()
#9 /var/www/html/WebRoot/vendor/yiisoft/yii/framework/web/CController.php(308): CInlineAction->runWithParams(Array)
#10 /var/www/html/WebRoot/vendor/yiisoft/yii/framework/web/CController.php(286): CController->runAction(Object(CInlineAction))
#11 /var/www/html/WebRoot/vendor/yiisoft/yii/framework/web/CController.php(265): CController->runActionWithFilters(Object(CInlineAction), Array)
#12 /var/www/html/WebRoot/vendor/yiisoft/yii/framework/web/CWebApplication.php(282): CController->run('index')
#13 /var/www/html/WebRoot/vendor/yiisoft/yii/framework/web/CWebApplication.php(141): CWebApplication->runController('gii/model/index')
#14 /var/www/html/WebRoot/vendor/yiisoft/yii/framework/base/CApplication.php(185): CWebApplication->processRequest()
#15 /var/www/html/WebRoot/src/index.php(10): CApplication->run()
#16 {main}
REQUEST_URI=/index.php?r=gii/model/index
HTTP_REFERER=http://localhost:8080/index.php?r=gii/default/index
---
2025/05/02 19:32:02 [error] [exception.CDbException] CDbException: CDbConnection failed to open the DB connection: could not find driver in /var/www/html/WebRoot/vendor/yiisoft/yii/framework/db/CDbConnection.php:399
Stack trace:
#0 /var/www/html/WebRoot/vendor/yiisoft/yii/framework/db/CDbConnection.php(347): CDbConnection->open()
#1 /var/www/html/WebRoot/vendor/yiisoft/yii/framework/db/CDbConnection.php(325): CDbConnection->setActive(true)
#2 /var/www/html/WebRoot/vendor/yiisoft/yii/framework/base/CModule.php(394): CDbConnection->init()
#3 /var/www/html/WebRoot/vendor/yiisoft/yii/framework/base/CModule.php(103): CModule->getComponent('db')
#4 /var/www/html/WebRoot/vendor/yiisoft/yii/framework/gii/generators/model/ModelCode.php(60): CModule->__get('db')
#5 /var/www/html/WebRoot/vendor/yiisoft/yii/framework/web/CFormModel.php(39): ModelCode->init()
#6 /var/www/html/WebRoot/vendor/yiisoft/yii/framework/gii/CCodeGenerator.php(153): CFormModel->__construct()
#7 /var/www/html/WebRoot/vendor/yiisoft/yii/framework/gii/CCodeGenerator.php(63): CCodeGenerator->prepare()
#8 /var/www/html/WebRoot/vendor/yiisoft/yii/framework/web/actions/CInlineAction.php(49): CCodeGenerator->actionIndex()
#9 /var/www/html/WebRoot/vendor/yiisoft/yii/framework/web/CController.php(308): CInlineAction->runWithParams(Array)
#10 /var/www/html/WebRoot/vendor/yiisoft/yii/framework/web/CController.php(286): CController->runAction(Object(CInlineAction))
#11 /var/www/html/WebRoot/vendor/yiisoft/yii/framework/web/CController.php(265): CController->runActionWithFilters(Object(CInlineAction), Array)
#12 /var/www/html/WebRoot/vendor/yiisoft/yii/framework/web/CWebApplication.php(282): CController->run('index')
#13 /var/www/html/WebRoot/vendor/yiisoft/yii/framework/web/CWebApplication.php(141): CWebApplication->runController('gii/model/index')
#14 /var/www/html/WebRoot/vendor/yiisoft/yii/framework/base/CApplication.php(185): CWebApplication->processRequest()
#15 /var/www/html/WebRoot/src/index.php(10): CApplication->run()
#16 {main}
REQUEST_URI=/index.php?r=gii/model/index
HTTP_REFERER=http://localhost:8080/index.php?r=gii/default/index
---
2025/05/02 19:32:04 [error] [exception.CDbException] CDbException: CDbConnection failed to open the DB connection: could not find driver in /var/www/html/WebRoot/vendor/yiisoft/yii/framework/db/CDbConnection.php:399
Stack trace:
#0 /var/www/html/WebRoot/vendor/yiisoft/yii/framework/db/CDbConnection.php(347): CDbConnection->open()
#1 /var/www/html/WebRoot/vendor/yiisoft/yii/framework/db/CDbConnection.php(325): CDbConnection->setActive(true)
#2 /var/www/html/WebRoot/vendor/yiisoft/yii/framework/base/CModule.php(394): CDbConnection->init()
#3 /var/www/html/WebRoot/vendor/yiisoft/yii/framework/base/CModule.php(103): CModule->getComponent('db')
#4 /var/www/html/WebRoot/vendor/yiisoft/yii/framework/gii/generators/model/ModelCode.php(60): CModule->__get('db')
#5 /var/www/html/WebRoot/vendor/yiisoft/yii/framework/web/CFormModel.php(39): ModelCode->init()
#6 /var/www/html/WebRoot/vendor/yiisoft/yii/framework/gii/CCodeGenerator.php(153): CFormModel->__construct()
#7 /var/www/html/WebRoot/vendor/yiisoft/yii/framework/gii/CCodeGenerator.php(63): CCodeGenerator->prepare()
#8 /var/www/html/WebRoot/vendor/yiisoft/yii/framework/web/actions/CInlineAction.php(49): CCodeGenerator->actionIndex()
#9 /var/www/html/WebRoot/vendor/yiisoft/yii/framework/web/CController.php(308): CInlineAction->runWithParams(Array)
#10 /var/www/html/WebRoot/vendor/yiisoft/yii/framework/web/CController.php(286): CController->runAction(Object(CInlineAction))
#11 /var/www/html/WebRoot/vendor/yiisoft/yii/framework/web/CController.php(265): CController->runActionWithFilters(Object(CInlineAction), Array)
#12 /var/www/html/WebRoot/vendor/yiisoft/yii/framework/web/CWebApplication.php(282): CController->run('index')
#13 /var/www/html/WebRoot/vendor/yiisoft/yii/framework/web/CWebApplication.php(141): CWebApplication->runController('gii/model/index')
#14 /var/www/html/WebRoot/vendor/yiisoft/yii/framework/base/CApplication.php(185): CWebApplication->processRequest()
#15 /var/www/html/WebRoot/src/index.php(10): CApplication->run()
#16 {main}
REQUEST_URI=/index.php?r=gii/model/index
HTTP_REFERER=http://localhost:8080/index.php?r=gii/default/index
---
2025/05/02 19:32:12 [error] [exception.CDbException] CDbException: CDbConnection failed to open the DB connection: could not find driver in /var/www/html/WebRoot/vendor/yiisoft/yii/framework/db/CDbConnection.php:399
Stack trace:
#0 /var/www/html/WebRoot/vendor/yiisoft/yii/framework/db/CDbConnection.php(347): CDbConnection->open()
#1 /var/www/html/WebRoot/vendor/yiisoft/yii/framework/db/CDbConnection.php(325): CDbConnection->setActive(true)
#2 /var/www/html/WebRoot/vendor/yiisoft/yii/framework/base/CModule.php(394): CDbConnection->init()
#3 /var/www/html/WebRoot/vendor/yiisoft/yii/framework/base/CModule.php(103): CModule->getComponent('db')
#4 /var/www/html/WebRoot/vendor/yiisoft/yii/framework/gii/generators/model/ModelCode.php(60): CModule->__get('db')
#5 /var/www/html/WebRoot/vendor/yiisoft/yii/framework/web/CFormModel.php(39): ModelCode->init()
#6 /var/www/html/WebRoot/vendor/yiisoft/yii/framework/gii/CCodeGenerator.php(153): CFormModel->__construct()
#7 /var/www/html/WebRoot/vendor/yiisoft/yii/framework/gii/CCodeGenerator.php(63): CCodeGenerator->prepare()
#8 /var/www/html/WebRoot/vendor/yiisoft/yii/framework/web/actions/CInlineAction.php(49): CCodeGenerator->actionIndex()
#9 /var/www/html/WebRoot/vendor/yiisoft/yii/framework/web/CController.php(308): CInlineAction->runWithParams(Array)
#10 /var/www/html/WebRoot/vendor/yiisoft/yii/framework/web/CController.php(286): CController->runAction(Object(CInlineAction))
#11 /var/www/html/WebRoot/vendor/yiisoft/yii/framework/web/CController.php(265): CController->runActionWithFilters(Object(CInlineAction), Array)
#12 /var/www/html/WebRoot/vendor/yiisoft/yii/framework/web/CWebApplication.php(282): CController->run('index')
#13 /var/www/html/WebRoot/vendor/yiisoft/yii/framework/web/CWebApplication.php(141): CWebApplication->runController('gii/model/index')
#14 /var/www/html/WebRoot/vendor/yiisoft/yii/framework/base/CApplication.php(185): CWebApplication->processRequest()
#15 /var/www/html/WebRoot/src/index.php(10): CApplication->run()
#16 {main}
REQUEST_URI=/index.php?r=gii/model/index
HTTP_REFERER=http://localhost:8080/index.php?r=gii/default/index
---
2025/05/02 19:34:35 [error] [exception.CDbException] CDbException: CDbConnection failed to open the DB connection: could not find driver in /var/www/html/WebRoot/vendor/yiisoft/yii/framework/db/CDbConnection.php:399
Stack trace:
#0 /var/www/html/WebRoot/vendor/yiisoft/yii/framework/db/CDbConnection.php(347): CDbConnection->open()
#1 /var/www/html/WebRoot/vendor/yiisoft/yii/framework/db/CDbConnection.php(325): CDbConnection->setActive(true)
#2 /var/www/html/WebRoot/vendor/yiisoft/yii/framework/base/CModule.php(394): CDbConnection->init()
#3 /var/www/html/WebRoot/vendor/yiisoft/yii/framework/base/CModule.php(103): CModule->getComponent('db')
#4 /var/www/html/WebRoot/vendor/yiisoft/yii/framework/gii/generators/model/ModelCode.php(60): CModule->__get('db')
#5 /var/www/html/WebRoot/vendor/yiisoft/yii/framework/web/CFormModel.php(39): ModelCode->init()
#6 /var/www/html/WebRoot/vendor/yiisoft/yii/framework/gii/CCodeGenerator.php(153): CFormModel->__construct()
#7 /var/www/html/WebRoot/vendor/yiisoft/yii/framework/gii/CCodeGenerator.php(63): CCodeGenerator->prepare()
#8 /var/www/html/WebRoot/vendor/yiisoft/yii/framework/web/actions/CInlineAction.php(49): CCodeGenerator->actionIndex()
#9 /var/www/html/WebRoot/vendor/yiisoft/yii/framework/web/CController.php(308): CInlineAction->runWithParams(Array)
#10 /var/www/html/WebRoot/vendor/yiisoft/yii/framework/web/CController.php(286): CController->runAction(Object(CInlineAction))
#11 /var/www/html/WebRoot/vendor/yiisoft/yii/framework/web/CController.php(265): CController->runActionWithFilters(Object(CInlineAction), Array)
#12 /var/www/html/WebRoot/vendor/yiisoft/yii/framework/web/CWebApplication.php(282): CController->run('index')
#13 /var/www/html/WebRoot/vendor/yiisoft/yii/framework/web/CWebApplication.php(141): CWebApplication->runController('gii/model/index')
#14 /var/www/html/WebRoot/vendor/yiisoft/yii/framework/base/CApplication.php(185): CWebApplication->processRequest()
#15 /var/www/html/WebRoot/src/index.php(10): CApplication->run()
#16 {main}
REQUEST_URI=/index.php?r=gii/model/index
HTTP_REFERER=http://localhost:8080/index.php?r=gii/default/index
---
2025/05/02 19:36:02 [error] [exception.CDbException] CDbException: CDbConnection failed to open the DB connection: could not find driver in /var/www/html/WebRoot/vendor/yiisoft/yii/framework/db/CDbConnection.php:399
Stack trace:
#0 /var/www/html/WebRoot/vendor/yiisoft/yii/framework/db/CDbConnection.php(347): CDbConnection->open()
#1 /var/www/html/WebRoot/vendor/yiisoft/yii/framework/db/CDbConnection.php(325): CDbConnection->setActive(true)
#2 /var/www/html/WebRoot/vendor/yiisoft/yii/framework/base/CModule.php(394): CDbConnection->init()
#3 /var/www/html/WebRoot/vendor/yiisoft/yii/framework/base/CModule.php(103): CModule->getComponent('db')
#4 /var/www/html/WebRoot/vendor/yiisoft/yii/framework/gii/generators/model/ModelCode.php(60): CModule->__get('db')
#5 /var/www/html/WebRoot/vendor/yiisoft/yii/framework/web/CFormModel.php(39): ModelCode->init()
#6 /var/www/html/WebRoot/vendor/yiisoft/yii/framework/gii/CCodeGenerator.php(153): CFormModel->__construct()
#7 /var/www/html/WebRoot/vendor/yiisoft/yii/framework/gii/CCodeGenerator.php(63): CCodeGenerator->prepare()
#8 /var/www/html/WebRoot/vendor/yiisoft/yii/framework/web/actions/CInlineAction.php(49): CCodeGenerator->actionIndex()
#9 /var/www/html/WebRoot/vendor/yiisoft/yii/framework/web/CController.php(308): CInlineAction->runWithParams(Array)
#10 /var/www/html/WebRoot/vendor/yiisoft/yii/framework/web/CController.php(286): CController->runAction(Object(CInlineAction))
#11 /var/www/html/WebRoot/vendor/yiisoft/yii/framework/web/CController.php(265): CController->runActionWithFilters(Object(CInlineAction), Array)
#12 /var/www/html/WebRoot/vendor/yiisoft/yii/framework/web/CWebApplication.php(282): CController->run('index')
#13 /var/www/html/WebRoot/vendor/yiisoft/yii/framework/web/CWebApplication.php(141): CWebApplication->runController('gii/model/index')
#14 /var/www/html/WebRoot/vendor/yiisoft/yii/framework/base/CApplication.php(185): CWebApplication->processRequest()
#15 /var/www/html/WebRoot/src/index.php(10): CApplication->run()
#16 {main}
REQUEST_URI=/index.php?r=gii/model/index
HTTP_REFERER=http://localhost:8080/index.php?r=gii/default/index
---
2025/05/02 19:36:10 [error] [exception.CDbException] CDbException: CDbConnection failed to open the DB connection: could not find driver in /var/www/html/WebRoot/vendor/yiisoft/yii/framework/db/CDbConnection.php:399
Stack trace:
#0 /var/www/html/WebRoot/vendor/yiisoft/yii/framework/db/CDbConnection.php(347): CDbConnection->open()
#1 /var/www/html/WebRoot/vendor/yiisoft/yii/framework/db/CDbConnection.php(325): CDbConnection->setActive(true)
#2 /var/www/html/WebRoot/vendor/yiisoft/yii/framework/base/CModule.php(394): CDbConnection->init()
#3 /var/www/html/WebRoot/vendor/yiisoft/yii/framework/base/CModule.php(103): CModule->getComponent('db')
#4 /var/www/html/WebRoot/vendor/yiisoft/yii/framework/gii/generators/model/ModelCode.php(60): CModule->__get('db')
#5 /var/www/html/WebRoot/vendor/yiisoft/yii/framework/web/CFormModel.php(39): ModelCode->init()
#6 /var/www/html/WebRoot/vendor/yiisoft/yii/framework/gii/CCodeGenerator.php(153): CFormModel->__construct()
#7 /var/www/html/WebRoot/vendor/yiisoft/yii/framework/gii/CCodeGenerator.php(63): CCodeGenerator->prepare()
#8 /var/www/html/WebRoot/vendor/yiisoft/yii/framework/web/actions/CInlineAction.php(49): CCodeGenerator->actionIndex()
#9 /var/www/html/WebRoot/vendor/yiisoft/yii/framework/web/CController.php(308): CInlineAction->runWithParams(Array)
#10 /var/www/html/WebRoot/vendor/yiisoft/yii/framework/web/CController.php(286): CController->runAction(Object(CInlineAction))
#11 /var/www/html/WebRoot/vendor/yiisoft/yii/framework/web/CController.php(265): CController->runActionWithFilters(Object(CInlineAction), Array)
#12 /var/www/html/WebRoot/vendor/yiisoft/yii/framework/web/CWebApplication.php(282): CController->run('index')
#13 /var/www/html/WebRoot/vendor/yiisoft/yii/framework/web/CWebApplication.php(141): CWebApplication->runController('gii/model/index')
#14 /var/www/html/WebRoot/vendor/yiisoft/yii/framework/base/CApplication.php(185): CWebApplication->processRequest()
#15 /var/www/html/WebRoot/src/index.php(10): CApplication->run()
#16 {main}
REQUEST_URI=/index.php?r=gii/model/index
HTTP_REFERER=http://localhost:8080/index.php?r=gii/default/index
---
2025/05/02 19:38:43 [error] [exception.CDbException] CDbException: CDbConnection failed to open the DB connection: could not find driver in /var/www/html/WebRoot/vendor/yiisoft/yii/framework/db/CDbConnection.php:399
Stack trace:
#0 /var/www/html/WebRoot/vendor/yiisoft/yii/framework/db/CDbConnection.php(347): CDbConnection->open()
#1 /var/www/html/WebRoot/vendor/yiisoft/yii/framework/db/CDbConnection.php(325): CDbConnection->setActive(true)
#2 /var/www/html/WebRoot/vendor/yiisoft/yii/framework/base/CModule.php(394): CDbConnection->init()
#3 /var/www/html/WebRoot/vendor/yiisoft/yii/framework/base/CModule.php(103): CModule->getComponent('db')
#4 /var/www/html/WebRoot/vendor/yiisoft/yii/framework/gii/generators/model/ModelCode.php(60): CModule->__get('db')
#5 /var/www/html/WebRoot/vendor/yiisoft/yii/framework/web/CFormModel.php(39): ModelCode->init()
#6 /var/www/html/WebRoot/vendor/yiisoft/yii/framework/gii/CCodeGenerator.php(153): CFormModel->__construct()
#7 /var/www/html/WebRoot/vendor/yiisoft/yii/framework/gii/CCodeGenerator.php(63): CCodeGenerator->prepare()
#8 /var/www/html/WebRoot/vendor/yiisoft/yii/framework/web/actions/CInlineAction.php(49): CCodeGenerator->actionIndex()
#9 /var/www/html/WebRoot/vendor/yiisoft/yii/framework/web/CController.php(308): CInlineAction->runWithParams(Array)
#10 /var/www/html/WebRoot/vendor/yiisoft/yii/framework/web/CController.php(286): CController->runAction(Object(CInlineAction))
#11 /var/www/html/WebRoot/vendor/yiisoft/yii/framework/web/CController.php(265): CController->runActionWithFilters(Object(CInlineAction), Array)
#12 /var/www/html/WebRoot/vendor/yiisoft/yii/framework/web/CWebApplication.php(282): CController->run('index')
#13 /var/www/html/WebRoot/vendor/yiisoft/yii/framework/web/CWebApplication.php(141): CWebApplication->runController('gii/model/index')
#14 /var/www/html/WebRoot/vendor/yiisoft/yii/framework/base/CApplication.php(185): CWebApplication->processRequest()
#15 /var/www/html/WebRoot/src/index.php(10): CApplication->run()
#16 {main}
REQUEST_URI=/index.php?r=gii/model/index
HTTP_REFERER=http://localhost:8080/index.php?r=gii/default/index
---
2025/05/02 19:41:23 [error] [exception.CDbException] CDbException: CDbConnection failed to open the DB connection: could not find driver in /var/www/html/WebRoot/vendor/yiisoft/yii/framework/db/CDbConnection.php:399
Stack trace:
#0 /var/www/html/WebRoot/vendor/yiisoft/yii/framework/db/CDbConnection.php(347): CDbConnection->open()
#1 /var/www/html/WebRoot/vendor/yiisoft/yii/framework/db/CDbConnection.php(325): CDbConnection->setActive(true)
#2 /var/www/html/WebRoot/vendor/yiisoft/yii/framework/base/CModule.php(394): CDbConnection->init()
#3 /var/www/html/WebRoot/vendor/yiisoft/yii/framework/base/CModule.php(103): CModule->getComponent('db')
#4 /var/www/html/WebRoot/vendor/yiisoft/yii/framework/gii/generators/model/ModelCode.php(60): CModule->__get('db')
#5 /var/www/html/WebRoot/vendor/yiisoft/yii/framework/web/CFormModel.php(39): ModelCode->init()
#6 /var/www/html/WebRoot/vendor/yiisoft/yii/framework/gii/CCodeGenerator.php(153): CFormModel->__construct()
#7 /var/www/html/WebRoot/vendor/yiisoft/yii/framework/gii/CCodeGenerator.php(63): CCodeGenerator->prepare()
#8 /var/www/html/WebRoot/vendor/yiisoft/yii/framework/web/actions/CInlineAction.php(49): CCodeGenerator->actionIndex()
#9 /var/www/html/WebRoot/vendor/yiisoft/yii/framework/web/CController.php(308): CInlineAction->runWithParams(Array)
#10 /var/www/html/WebRoot/vendor/yiisoft/yii/framework/web/CController.php(286): CController->runAction(Object(CInlineAction))
#11 /var/www/html/WebRoot/vendor/yiisoft/yii/framework/web/CController.php(265): CController->runActionWithFilters(Object(CInlineAction), Array)
#12 /var/www/html/WebRoot/vendor/yiisoft/yii/framework/web/CWebApplication.php(282): CController->run('index')
#13 /var/www/html/WebRoot/vendor/yiisoft/yii/framework/web/CWebApplication.php(141): CWebApplication->runController('gii/model/index')
#14 /var/www/html/WebRoot/vendor/yiisoft/yii/framework/base/CApplication.php(185): CWebApplication->processRequest()
#15 /var/www/html/WebRoot/src/index.php(10): CApplication->run()
#16 {main}
REQUEST_URI=/index.php?r=gii/model/index
HTTP_REFERER=http://localhost:8080/index.php?r=gii/default/index
---
2025/05/02 19:41:34 [error] [exception.CDbException] CDbException: CDbConnection failed to open the DB connection: could not find driver in /var/www/html/WebRoot/vendor/yiisoft/yii/framework/db/CDbConnection.php:399
Stack trace:
#0 /var/www/html/WebRoot/vendor/yiisoft/yii/framework/db/CDbConnection.php(347): CDbConnection->open()
#1 /var/www/html/WebRoot/vendor/yiisoft/yii/framework/db/CDbConnection.php(325): CDbConnection->setActive(true)
#2 /var/www/html/WebRoot/vendor/yiisoft/yii/framework/base/CModule.php(394): CDbConnection->init()
#3 /var/www/html/WebRoot/vendor/yiisoft/yii/framework/base/CModule.php(103): CModule->getComponent('db')
#4 /var/www/html/WebRoot/vendor/yiisoft/yii/framework/gii/generators/model/ModelCode.php(60): CModule->__get('db')
#5 /var/www/html/WebRoot/vendor/yiisoft/yii/framework/web/CFormModel.php(39): ModelCode->init()
#6 /var/www/html/WebRoot/vendor/yiisoft/yii/framework/gii/CCodeGenerator.php(153): CFormModel->__construct()
#7 /var/www/html/WebRoot/vendor/yiisoft/yii/framework/gii/CCodeGenerator.php(63): CCodeGenerator->prepare()
#8 /var/www/html/WebRoot/vendor/yiisoft/yii/framework/web/actions/CInlineAction.php(49): CCodeGenerator->actionIndex()
#9 /var/www/html/WebRoot/vendor/yiisoft/yii/framework/web/CController.php(308): CInlineAction->runWithParams(Array)
#10 /var/www/html/WebRoot/vendor/yiisoft/yii/framework/web/CController.php(286): CController->runAction(Object(CInlineAction))
#11 /var/www/html/WebRoot/vendor/yiisoft/yii/framework/web/CController.php(265): CController->runActionWithFilters(Object(CInlineAction), Array)
#12 /var/www/html/WebRoot/vendor/yiisoft/yii/framework/web/CWebApplication.php(282): CController->run('index')
#13 /var/www/html/WebRoot/vendor/yiisoft/yii/framework/web/CWebApplication.php(141): CWebApplication->runController('gii/model/index')
#14 /var/www/html/WebRoot/vendor/yiisoft/yii/framework/base/CApplication.php(185): CWebApplication->processRequest()
#15 /var/www/html/WebRoot/src/index.php(10): CApplication->run()
#16 {main}
REQUEST_URI=/index.php?r=gii/model/index
HTTP_REFERER=http://localhost:8080/index.php?r=gii/default/index
---
2025/05/02 19:41:39 [error] [exception.CDbException] CDbException: CDbConnection failed to open the DB connection: could not find driver in /var/www/html/WebRoot/vendor/yiisoft/yii/framework/db/CDbConnection.php:399
Stack trace:
#0 /var/www/html/WebRoot/vendor/yiisoft/yii/framework/db/CDbConnection.php(347): CDbConnection->open()
#1 /var/www/html/WebRoot/vendor/yiisoft/yii/framework/db/CDbConnection.php(325): CDbConnection->setActive(true)
#2 /var/www/html/WebRoot/vendor/yiisoft/yii/framework/base/CModule.php(394): CDbConnection->init()
#3 /var/www/html/WebRoot/vendor/yiisoft/yii/framework/base/CModule.php(103): CModule->getComponent('db')
#4 /var/www/html/WebRoot/vendor/yiisoft/yii/framework/gii/generators/model/ModelCode.php(60): CModule->__get('db')
#5 /var/www/html/WebRoot/vendor/yiisoft/yii/framework/web/CFormModel.php(39): ModelCode->init()
#6 /var/www/html/WebRoot/vendor/yiisoft/yii/framework/gii/CCodeGenerator.php(153): CFormModel->__construct()
#7 /var/www/html/WebRoot/vendor/yiisoft/yii/framework/gii/CCodeGenerator.php(63): CCodeGenerator->prepare()
#8 /var/www/html/WebRoot/vendor/yiisoft/yii/framework/web/actions/CInlineAction.php(49): CCodeGenerator->actionIndex()
#9 /var/www/html/WebRoot/vendor/yiisoft/yii/framework/web/CController.php(308): CInlineAction->runWithParams(Array)
#10 /var/www/html/WebRoot/vendor/yiisoft/yii/framework/web/CController.php(286): CController->runAction(Object(CInlineAction))
#11 /var/www/html/WebRoot/vendor/yiisoft/yii/framework/web/CController.php(265): CController->runActionWithFilters(Object(CInlineAction), Array)
#12 /var/www/html/WebRoot/vendor/yiisoft/yii/framework/web/CWebApplication.php(282): CController->run('index')
#13 /var/www/html/WebRoot/vendor/yiisoft/yii/framework/web/CWebApplication.php(141): CWebApplication->runController('gii/model/index')
#14 /var/www/html/WebRoot/vendor/yiisoft/yii/framework/base/CApplication.php(185): CWebApplication->processRequest()
#15 /var/www/html/WebRoot/src/index.php(10): CApplication->run()
#16 {main}
REQUEST_URI=/index.php?r=gii/model/index
HTTP_REFERER=http://localhost:8080/index.php?r=gii/default/index
---
2025/05/02 19:41:40 [error] [exception.CDbException] CDbException: CDbConnection failed to open the DB connection: could not find driver in /var/www/html/WebRoot/vendor/yiisoft/yii/framework/db/CDbConnection.php:399
Stack trace:
#0 /var/www/html/WebRoot/vendor/yiisoft/yii/framework/db/CDbConnection.php(347): CDbConnection->open()
#1 /var/www/html/WebRoot/vendor/yiisoft/yii/framework/db/CDbConnection.php(325): CDbConnection->setActive(true)
#2 /var/www/html/WebRoot/vendor/yiisoft/yii/framework/base/CModule.php(394): CDbConnection->init()
#3 /var/www/html/WebRoot/vendor/yiisoft/yii/framework/base/CModule.php(103): CModule->getComponent('db')
#4 /var/www/html/WebRoot/vendor/yiisoft/yii/framework/gii/generators/model/ModelCode.php(60): CModule->__get('db')
#5 /var/www/html/WebRoot/vendor/yiisoft/yii/framework/web/CFormModel.php(39): ModelCode->init()
#6 /var/www/html/WebRoot/vendor/yiisoft/yii/framework/gii/CCodeGenerator.php(153): CFormModel->__construct()
#7 /var/www/html/WebRoot/vendor/yiisoft/yii/framework/gii/CCodeGenerator.php(63): CCodeGenerator->prepare()
#8 /var/www/html/WebRoot/vendor/yiisoft/yii/framework/web/actions/CInlineAction.php(49): CCodeGenerator->actionIndex()
#9 /var/www/html/WebRoot/vendor/yiisoft/yii/framework/web/CController.php(308): CInlineAction->runWithParams(Array)
#10 /var/www/html/WebRoot/vendor/yiisoft/yii/framework/web/CController.php(286): CController->runAction(Object(CInlineAction))
#11 /var/www/html/WebRoot/vendor/yiisoft/yii/framework/web/CController.php(265): CController->runActionWithFilters(Object(CInlineAction), Array)
#12 /var/www/html/WebRoot/vendor/yiisoft/yii/framework/web/CWebApplication.php(282): CController->run('index')
#13 /var/www/html/WebRoot/vendor/yiisoft/yii/framework/web/CWebApplication.php(141): CWebApplication->runController('gii/model/index')
#14 /var/www/html/WebRoot/vendor/yiisoft/yii/framework/base/CApplication.php(185): CWebApplication->processRequest()
#15 /var/www/html/WebRoot/src/index.php(10): CApplication->run()
#16 {main}
REQUEST_URI=/index.php?r=gii/model/index
HTTP_REFERER=http://localhost:8080/index.php?r=gii/default/index
---
2025/05/02 19:41:47 [error] [exception.CDbException] CDbException: CDbConnection failed to open the DB connection: could not find driver in /var/www/html/WebRoot/vendor/yiisoft/yii/framework/db/CDbConnection.php:399
Stack trace:
#0 /var/www/html/WebRoot/vendor/yiisoft/yii/framework/db/CDbConnection.php(347): CDbConnection->open()
#1 /var/www/html/WebRoot/vendor/yiisoft/yii/framework/db/CDbConnection.php(325): CDbConnection->setActive(true)
#2 /var/www/html/WebRoot/vendor/yiisoft/yii/framework/base/CModule.php(394): CDbConnection->init()
#3 /var/www/html/WebRoot/vendor/yiisoft/yii/framework/base/CModule.php(103): CModule->getComponent('db')
#4 /var/www/html/WebRoot/vendor/yiisoft/yii/framework/gii/generators/model/ModelCode.php(60): CModule->__get('db')
#5 /var/www/html/WebRoot/vendor/yiisoft/yii/framework/web/CFormModel.php(39): ModelCode->init()
#6 /var/www/html/WebRoot/vendor/yiisoft/yii/framework/gii/CCodeGenerator.php(153): CFormModel->__construct()
#7 /var/www/html/WebRoot/vendor/yiisoft/yii/framework/gii/CCodeGenerator.php(63): CCodeGenerator->prepare()
#8 /var/www/html/WebRoot/vendor/yiisoft/yii/framework/web/actions/CInlineAction.php(49): CCodeGenerator->actionIndex()
#9 /var/www/html/WebRoot/vendor/yiisoft/yii/framework/web/CController.php(308): CInlineAction->runWithParams(Array)
#10 /var/www/html/WebRoot/vendor/yiisoft/yii/framework/web/CController.php(286): CController->runAction(Object(CInlineAction))
#11 /var/www/html/WebRoot/vendor/yiisoft/yii/framework/web/CController.php(265): CController->runActionWithFilters(Object(CInlineAction), Array)
#12 /var/www/html/WebRoot/vendor/yiisoft/yii/framework/web/CWebApplication.php(282): CController->run('index')
#13 /var/www/html/WebRoot/vendor/yiisoft/yii/framework/web/CWebApplication.php(141): CWebApplication->runController('gii/model/index')
#14 /var/www/html/WebRoot/vendor/yiisoft/yii/framework/base/CApplication.php(185): CWebApplication->processRequest()
#15 /var/www/html/WebRoot/src/index.php(10): CApplication->run()
#16 {main}
REQUEST_URI=/index.php?r=gii/model/index
HTTP_REFERER=http://localhost:8080/index.php?r=gii/default/index
---
2025/05/02 19:46:33 [error] [exception.CDbException] CDbException: CDbConnection failed to open the DB connection: could not find driver in /var/www/html/WebRoot/vendor/yiisoft/yii/framework/db/CDbConnection.php:399
Stack trace:
#0 /var/www/html/WebRoot/vendor/yiisoft/yii/framework/db/CDbConnection.php(347): CDbConnection->open()
#1 /var/www/html/WebRoot/vendor/yiisoft/yii/framework/db/CDbConnection.php(325): CDbConnection->setActive(true)
#2 /var/www/html/WebRoot/vendor/yiisoft/yii/framework/base/CModule.php(394): CDbConnection->init()
#3 /var/www/html/WebRoot/vendor/yiisoft/yii/framework/base/CModule.php(103): CModule->getComponent('db')
#4 /var/www/html/WebRoot/vendor/yiisoft/yii/framework/gii/generators/model/ModelCode.php(60): CModule->__get('db')
#5 /var/www/html/WebRoot/vendor/yiisoft/yii/framework/web/CFormModel.php(39): ModelCode->init()
#6 /var/www/html/WebRoot/vendor/yiisoft/yii/framework/gii/CCodeGenerator.php(153): CFormModel->__construct()
#7 /var/www/html/WebRoot/vendor/yiisoft/yii/framework/gii/CCodeGenerator.php(63): CCodeGenerator->prepare()
#8 /var/www/html/WebRoot/vendor/yiisoft/yii/framework/web/actions/CInlineAction.php(49): CCodeGenerator->actionIndex()
#9 /var/www/html/WebRoot/vendor/yiisoft/yii/framework/web/CController.php(308): CInlineAction->runWithParams(Array)
#10 /var/www/html/WebRoot/vendor/yiisoft/yii/framework/web/CController.php(286): CController->runAction(Object(CInlineAction))
#11 /var/www/html/WebRoot/vendor/yiisoft/yii/framework/web/CController.php(265): CController->runActionWithFilters(Object(CInlineAction), Array)
#12 /var/www/html/WebRoot/vendor/yiisoft/yii/framework/web/CWebApplication.php(282): CController->run('index')
#13 /var/www/html/WebRoot/vendor/yiisoft/yii/framework/web/CWebApplication.php(141): CWebApplication->runController('gii/model/index')
#14 /var/www/html/WebRoot/vendor/yiisoft/yii/framework/base/CApplication.php(185): CWebApplication->processRequest()
#15 /var/www/html/WebRoot/src/index.php(10): CApplication->run()
#16 {main}
REQUEST_URI=/index.php?r=gii/model/index
HTTP_REFERER=http://localhost:8080/index.php?r=gii/default/index
---
2025/05/02 19:47:17 [error] [exception.CDbException] CDbException: CDbConnection failed to open the DB connection: could not find driver in /var/www/html/WebRoot/vendor/yiisoft/yii/framework/db/CDbConnection.php:399
Stack trace:
#0 /var/www/html/WebRoot/vendor/yiisoft/yii/framework/db/CDbConnection.php(347): CDbConnection->open()
#1 /var/www/html/WebRoot/vendor/yiisoft/yii/framework/db/CDbConnection.php(325): CDbConnection->setActive(true)
#2 /var/www/html/WebRoot/vendor/yiisoft/yii/framework/base/CModule.php(394): CDbConnection->init()
#3 /var/www/html/WebRoot/vendor/yiisoft/yii/framework/base/CModule.php(103): CModule->getComponent('db')
#4 /var/www/html/WebRoot/vendor/yiisoft/yii/framework/gii/generators/model/ModelCode.php(60): CModule->__get('db')
#5 /var/www/html/WebRoot/vendor/yiisoft/yii/framework/web/CFormModel.php(39): ModelCode->init()
#6 /var/www/html/WebRoot/vendor/yiisoft/yii/framework/gii/CCodeGenerator.php(153): CFormModel->__construct()
#7 /var/www/html/WebRoot/vendor/yiisoft/yii/framework/gii/CCodeGenerator.php(63): CCodeGenerator->prepare()
#8 /var/www/html/WebRoot/vendor/yiisoft/yii/framework/web/actions/CInlineAction.php(49): CCodeGenerator->actionIndex()
#9 /var/www/html/WebRoot/vendor/yiisoft/yii/framework/web/CController.php(308): CInlineAction->runWithParams(Array)
#10 /var/www/html/WebRoot/vendor/yiisoft/yii/framework/web/CController.php(286): CController->runAction(Object(CInlineAction))
#11 /var/www/html/WebRoot/vendor/yiisoft/yii/framework/web/CController.php(265): CController->runActionWithFilters(Object(CInlineAction), Array)
#12 /var/www/html/WebRoot/vendor/yiisoft/yii/framework/web/CWebApplication.php(282): CController->run('index')
#13 /var/www/html/WebRoot/vendor/yiisoft/yii/framework/web/CWebApplication.php(141): CWebApplication->runController('gii/model/index')
#14 /var/www/html/WebRoot/vendor/yiisoft/yii/framework/base/CApplication.php(185): CWebApplication->processRequest()
#15 /var/www/html/WebRoot/src/index.php(10): CApplication->run()
#16 {main}
REQUEST_URI=/index.php?r=gii/model/index
HTTP_REFERER=http://localhost:8080/index.php?r=gii/default/index
---
2025/05/02 19:47:18 [error] [exception.CDbException] CDbException: CDbConnection failed to open the DB connection: could not find driver in /var/www/html/WebRoot/vendor/yiisoft/yii/framework/db/CDbConnection.php:399
Stack trace:
#0 /var/www/html/WebRoot/vendor/yiisoft/yii/framework/db/CDbConnection.php(347): CDbConnection->open()
#1 /var/www/html/WebRoot/vendor/yiisoft/yii/framework/db/CDbConnection.php(325): CDbConnection->setActive(true)
#2 /var/www/html/WebRoot/vendor/yiisoft/yii/framework/base/CModule.php(394): CDbConnection->init()
#3 /var/www/html/WebRoot/vendor/yiisoft/yii/framework/base/CModule.php(103): CModule->getComponent('db')
#4 /var/www/html/WebRoot/vendor/yiisoft/yii/framework/gii/generators/model/ModelCode.php(60): CModule->__get('db')
#5 /var/www/html/WebRoot/vendor/yiisoft/yii/framework/web/CFormModel.php(39): ModelCode->init()
#6 /var/www/html/WebRoot/vendor/yiisoft/yii/framework/gii/CCodeGenerator.php(153): CFormModel->__construct()
#7 /var/www/html/WebRoot/vendor/yiisoft/yii/framework/gii/CCodeGenerator.php(63): CCodeGenerator->prepare()
#8 /var/www/html/WebRoot/vendor/yiisoft/yii/framework/web/actions/CInlineAction.php(49): CCodeGenerator->actionIndex()
#9 /var/www/html/WebRoot/vendor/yiisoft/yii/framework/web/CController.php(308): CInlineAction->runWithParams(Array)
#10 /var/www/html/WebRoot/vendor/yiisoft/yii/framework/web/CController.php(286): CController->runAction(Object(CInlineAction))
#11 /var/www/html/WebRoot/vendor/yiisoft/yii/framework/web/CController.php(265): CController->runActionWithFilters(Object(CInlineAction), Array)
#12 /var/www/html/WebRoot/vendor/yiisoft/yii/framework/web/CWebApplication.php(282): CController->run('index')
#13 /var/www/html/WebRoot/vendor/yiisoft/yii/framework/web/CWebApplication.php(141): CWebApplication->runController('gii/model/index')
#14 /var/www/html/WebRoot/vendor/yiisoft/yii/framework/base/CApplication.php(185): CWebApplication->processRequest()
#15 /var/www/html/WebRoot/src/index.php(10): CApplication->run()
#16 {main}
REQUEST_URI=/index.php?r=gii/model/index
HTTP_REFERER=http://localhost:8080/index.php?r=gii/default/index
---
2025/05/02 19:47:27 [error] [exception.CDbException] CDbException: CDbConnection failed to open the DB connection: could not find driver in /var/www/html/WebRoot/vendor/yiisoft/yii/framework/db/CDbConnection.php:399
Stack trace:
#0 /var/www/html/WebRoot/vendor/yiisoft/yii/framework/db/CDbConnection.php(347): CDbConnection->open()
#1 /var/www/html/WebRoot/vendor/yiisoft/yii/framework/db/CDbConnection.php(325): CDbConnection->setActive(true)
#2 /var/www/html/WebRoot/vendor/yiisoft/yii/framework/base/CModule.php(394): CDbConnection->init()
#3 /var/www/html/WebRoot/vendor/yiisoft/yii/framework/base/CModule.php(103): CModule->getComponent('db')
#4 /var/www/html/WebRoot/vendor/yiisoft/yii/framework/gii/generators/model/ModelCode.php(60): CModule->__get('db')
#5 /var/www/html/WebRoot/vendor/yiisoft/yii/framework/web/CFormModel.php(39): ModelCode->init()
#6 /var/www/html/WebRoot/vendor/yiisoft/yii/framework/gii/CCodeGenerator.php(153): CFormModel->__construct()
#7 /var/www/html/WebRoot/vendor/yiisoft/yii/framework/gii/CCodeGenerator.php(63): CCodeGenerator->prepare()
#8 /var/www/html/WebRoot/vendor/yiisoft/yii/framework/web/actions/CInlineAction.php(49): CCodeGenerator->actionIndex()
#9 /var/www/html/WebRoot/vendor/yiisoft/yii/framework/web/CController.php(308): CInlineAction->runWithParams(Array)
#10 /var/www/html/WebRoot/vendor/yiisoft/yii/framework/web/CController.php(286): CController->runAction(Object(CInlineAction))
#11 /var/www/html/WebRoot/vendor/yiisoft/yii/framework/web/CController.php(265): CController->runActionWithFilters(Object(CInlineAction), Array)
#12 /var/www/html/WebRoot/vendor/yiisoft/yii/framework/web/CWebApplication.php(282): CController->run('index')
#13 /var/www/html/WebRoot/vendor/yiisoft/yii/framework/web/CWebApplication.php(141): CWebApplication->runController('gii/model/index')
#14 /var/www/html/WebRoot/vendor/yiisoft/yii/framework/base/CApplication.php(185): CWebApplication->processRequest()
#15 /var/www/html/WebRoot/src/index.php(10): CApplication->run()
#16 {main}
REQUEST_URI=/index.php?r=gii/model/index
HTTP_REFERER=http://localhost:8080/index.php?r=gii/default/index
---
2025/05/02 19:47:34 [error] [exception.CDbException] CDbException: CDbConnection failed to open the DB connection: could not find driver in /var/www/html/WebRoot/vendor/yiisoft/yii/framework/db/CDbConnection.php:399
Stack trace:
#0 /var/www/html/WebRoot/vendor/yiisoft/yii/framework/db/CDbConnection.php(347): CDbConnection->open()
#1 /var/www/html/WebRoot/vendor/yiisoft/yii/framework/db/CDbConnection.php(325): CDbConnection->setActive(true)
#2 /var/www/html/WebRoot/vendor/yiisoft/yii/framework/base/CModule.php(394): CDbConnection->init()
#3 /var/www/html/WebRoot/vendor/yiisoft/yii/framework/base/CModule.php(103): CModule->getComponent('db')
#4 /var/www/html/WebRoot/vendor/yiisoft/yii/framework/gii/generators/model/ModelCode.php(60): CModule->__get('db')
#5 /var/www/html/WebRoot/vendor/yiisoft/yii/framework/web/CFormModel.php(39): ModelCode->init()
#6 /var/www/html/WebRoot/vendor/yiisoft/yii/framework/gii/CCodeGenerator.php(153): CFormModel->__construct()
#7 /var/www/html/WebRoot/vendor/yiisoft/yii/framework/gii/CCodeGenerator.php(63): CCodeGenerator->prepare()
#8 /var/www/html/WebRoot/vendor/yiisoft/yii/framework/web/actions/CInlineAction.php(49): CCodeGenerator->actionIndex()
#9 /var/www/html/WebRoot/vendor/yiisoft/yii/framework/web/CController.php(308): CInlineAction->runWithParams(Array)
#10 /var/www/html/WebRoot/vendor/yiisoft/yii/framework/web/CController.php(286): CController->runAction(Object(CInlineAction))
#11 /var/www/html/WebRoot/vendor/yiisoft/yii/framework/web/CController.php(265): CController->runActionWithFilters(Object(CInlineAction), Array)
#12 /var/www/html/WebRoot/vendor/yiisoft/yii/framework/web/CWebApplication.php(282): CController->run('index')
#13 /var/www/html/WebRoot/vendor/yiisoft/yii/framework/web/CWebApplication.php(141): CWebApplication->runController('gii/model/index')
#14 /var/www/html/WebRoot/vendor/yiisoft/yii/framework/base/CApplication.php(185): CWebApplication->processRequest()
#15 /var/www/html/WebRoot/src/index.php(10): CApplication->run()
#16 {main}
REQUEST_URI=/index.php?r=gii/model/index
HTTP_REFERER=http://localhost:8080/index.php?r=gii/default/index
---
2025/05/02 20:18:50 [error] [exception.CDbException] CDbException: CDbConnection failed to open the DB connection: could not find driver in /var/www/html/WebRoot/vendor/yiisoft/yii/framework/db/CDbConnection.php:399
Stack trace:
#0 /var/www/html/WebRoot/vendor/yiisoft/yii/framework/db/CDbConnection.php(347): CDbConnection->open()
#1 /var/www/html/WebRoot/vendor/yiisoft/yii/framework/db/CDbConnection.php(325): CDbConnection->setActive(true)
#2 /var/www/html/WebRoot/vendor/yiisoft/yii/framework/base/CModule.php(394): CDbConnection->init()
#3 /var/www/html/WebRoot/vendor/yiisoft/yii/framework/base/CModule.php(103): CModule->getComponent('db')
#4 /var/www/html/WebRoot/vendor/yiisoft/yii/framework/gii/generators/model/ModelCode.php(60): CModule->__get('db')
#5 /var/www/html/WebRoot/vendor/yiisoft/yii/framework/web/CFormModel.php(39): ModelCode->init()
#6 /var/www/html/WebRoot/vendor/yiisoft/yii/framework/gii/CCodeGenerator.php(153): CFormModel->__construct()
#7 /var/www/html/WebRoot/vendor/yiisoft/yii/framework/gii/CCodeGenerator.php(63): CCodeGenerator->prepare()
#8 /var/www/html/WebRoot/vendor/yiisoft/yii/framework/web/actions/CInlineAction.php(49): CCodeGenerator->actionIndex()
#9 /var/www/html/WebRoot/vendor/yiisoft/yii/framework/web/CController.php(308): CInlineAction->runWithParams(Array)
#10 /var/www/html/WebRoot/vendor/yiisoft/yii/framework/web/CController.php(286): CController->runAction(Object(CInlineAction))
#11 /var/www/html/WebRoot/vendor/yiisoft/yii/framework/web/CController.php(265): CController->runActionWithFilters(Object(CInlineAction), Array)
#12 /var/www/html/WebRoot/vendor/yiisoft/yii/framework/web/CWebApplication.php(282): CController->run('index')
#13 /var/www/html/WebRoot/vendor/yiisoft/yii/framework/web/CWebApplication.php(141): CWebApplication->runController('gii/model/index')
#14 /var/www/html/WebRoot/vendor/yiisoft/yii/framework/base/CApplication.php(185): CWebApplication->processRequest()
#15 /var/www/html/WebRoot/src/index.php(11): CApplication->run()
#16 {main}
REQUEST_URI=/index.php?r=gii/model/index
HTTP_REFERER=http://localhost:8080/index.php?r=gii
---
2025/05/02 20:19:26 [error] [exception.CDbException] CDbException: CDbConnection failed to open the DB connection: could not find driver in /var/www/html/WebRoot/vendor/yiisoft/yii/framework/db/CDbConnection.php:399
Stack trace:
#0 /var/www/html/WebRoot/vendor/yiisoft/yii/framework/db/CDbConnection.php(347): CDbConnection->open()
#1 /var/www/html/WebRoot/vendor/yiisoft/yii/framework/db/CDbConnection.php(325): CDbConnection->setActive(true)
#2 /var/www/html/WebRoot/vendor/yiisoft/yii/framework/base/CModule.php(394): CDbConnection->init()
#3 /var/www/html/WebRoot/vendor/yiisoft/yii/framework/base/CModule.php(103): CModule->getComponent('db')
#4 /var/www/html/WebRoot/vendor/yiisoft/yii/framework/gii/generators/model/ModelCode.php(60): CModule->__get('db')
#5 /var/www/html/WebRoot/vendor/yiisoft/yii/framework/web/CFormModel.php(39): ModelCode->init()
#6 /var/www/html/WebRoot/vendor/yiisoft/yii/framework/gii/CCodeGenerator.php(153): CFormModel->__construct()
#7 /var/www/html/WebRoot/vendor/yiisoft/yii/framework/gii/CCodeGenerator.php(63): CCodeGenerator->prepare()
#8 /var/www/html/WebRoot/vendor/yiisoft/yii/framework/web/actions/CInlineAction.php(49): CCodeGenerator->actionIndex()
#9 /var/www/html/WebRoot/vendor/yiisoft/yii/framework/web/CController.php(308): CInlineAction->runWithParams(Array)
#10 /var/www/html/WebRoot/vendor/yiisoft/yii/framework/web/CController.php(286): CController->runAction(Object(CInlineAction))
#11 /var/www/html/WebRoot/vendor/yiisoft/yii/framework/web/CController.php(265): CController->runActionWithFilters(Object(CInlineAction), Array)
#12 /var/www/html/WebRoot/vendor/yiisoft/yii/framework/web/CWebApplication.php(282): CController->run('index')
#13 /var/www/html/WebRoot/vendor/yiisoft/yii/framework/web/CWebApplication.php(141): CWebApplication->runController('gii/model/index')
#14 /var/www/html/WebRoot/vendor/yiisoft/yii/framework/base/CApplication.php(185): CWebApplication->processRequest()
#15 /var/www/html/WebRoot/src/index.php(11): CApplication->run()
#16 {main}
REQUEST_URI=/index.php?r=gii/model/index
HTTP_REFERER=http://localhost:8080/index.php?r=gii
---
2025/05/02 20:19:27 [error] [exception.CDbException] CDbException: CDbConnection failed to open the DB connection: could not find driver in /var/www/html/WebRoot/vendor/yiisoft/yii/framework/db/CDbConnection.php:399
Stack trace:
#0 /var/www/html/WebRoot/vendor/yiisoft/yii/framework/db/CDbConnection.php(347): CDbConnection->open()
#1 /var/www/html/WebRoot/vendor/yiisoft/yii/framework/db/CDbConnection.php(325): CDbConnection->setActive(true)
#2 /var/www/html/WebRoot/vendor/yiisoft/yii/framework/base/CModule.php(394): CDbConnection->init()
#3 /var/www/html/WebRoot/vendor/yiisoft/yii/framework/base/CModule.php(103): CModule->getComponent('db')
#4 /var/www/html/WebRoot/vendor/yiisoft/yii/framework/gii/generators/model/ModelCode.php(60): CModule->__get('db')
#5 /var/www/html/WebRoot/vendor/yiisoft/yii/framework/web/CFormModel.php(39): ModelCode->init()
#6 /var/www/html/WebRoot/vendor/yiisoft/yii/framework/gii/CCodeGenerator.php(153): CFormModel->__construct()
#7 /var/www/html/WebRoot/vendor/yiisoft/yii/framework/gii/CCodeGenerator.php(63): CCodeGenerator->prepare()
#8 /var/www/html/WebRoot/vendor/yiisoft/yii/framework/web/actions/CInlineAction.php(49): CCodeGenerator->actionIndex()
#9 /var/www/html/WebRoot/vendor/yiisoft/yii/framework/web/CController.php(308): CInlineAction->runWithParams(Array)
#10 /var/www/html/WebRoot/vendor/yiisoft/yii/framework/web/CController.php(286): CController->runAction(Object(CInlineAction))
#11 /var/www/html/WebRoot/vendor/yiisoft/yii/framework/web/CController.php(265): CController->runActionWithFilters(Object(CInlineAction), Array)
#12 /var/www/html/WebRoot/vendor/yiisoft/yii/framework/web/CWebApplication.php(282): CController->run('index')
#13 /var/www/html/WebRoot/vendor/yiisoft/yii/framework/web/CWebApplication.php(141): CWebApplication->runController('gii/model/index')
#14 /var/www/html/WebRoot/vendor/yiisoft/yii/framework/base/CApplication.php(185): CWebApplication->processRequest()
#15 /var/www/html/WebRoot/src/index.php(11): CApplication->run()
#16 {main}
REQUEST_URI=/index.php?r=gii/model/index
HTTP_REFERER=http://localhost:8080/index.php?r=gii
---
2025/05/02 20:19:59 [error] [exception.CDbException] CDbException: CDbConnection failed to open the DB connection: could not find driver in /var/www/html/WebRoot/vendor/yiisoft/yii/framework/db/CDbConnection.php:399
Stack trace:
#0 /var/www/html/WebRoot/vendor/yiisoft/yii/framework/db/CDbConnection.php(347): CDbConnection->open()
#1 /var/www/html/WebRoot/vendor/yiisoft/yii/framework/db/CDbConnection.php(325): CDbConnection->setActive(true)
#2 /var/www/html/WebRoot/vendor/yiisoft/yii/framework/base/CModule.php(394): CDbConnection->init()
#3 /var/www/html/WebRoot/vendor/yiisoft/yii/framework/base/CModule.php(103): CModule->getComponent('db')
#4 /var/www/html/WebRoot/vendor/yiisoft/yii/framework/gii/generators/model/ModelCode.php(60): CModule->__get('db')
#5 /var/www/html/WebRoot/vendor/yiisoft/yii/framework/web/CFormModel.php(39): ModelCode->init()
#6 /var/www/html/WebRoot/vendor/yiisoft/yii/framework/gii/CCodeGenerator.php(153): CFormModel->__construct()
#7 /var/www/html/WebRoot/vendor/yiisoft/yii/framework/gii/CCodeGenerator.php(63): CCodeGenerator->prepare()
#8 /var/www/html/WebRoot/vendor/yiisoft/yii/framework/web/actions/CInlineAction.php(49): CCodeGenerator->actionIndex()
#9 /var/www/html/WebRoot/vendor/yiisoft/yii/framework/web/CController.php(308): CInlineAction->runWithParams(Array)
#10 /var/www/html/WebRoot/vendor/yiisoft/yii/framework/web/CController.php(286): CController->runAction(Object(CInlineAction))
#11 /var/www/html/WebRoot/vendor/yiisoft/yii/framework/web/CController.php(265): CController->runActionWithFilters(Object(CInlineAction), Array)
#12 /var/www/html/WebRoot/vendor/yiisoft/yii/framework/web/CWebApplication.php(282): CController->run('index')
#13 /var/www/html/WebRoot/vendor/yiisoft/yii/framework/web/CWebApplication.php(141): CWebApplication->runController('gii/model/index')
#14 /var/www/html/WebRoot/vendor/yiisoft/yii/framework/base/CApplication.php(185): CWebApplication->processRequest()
#15 /var/www/html/WebRoot/src/index.php(11): CApplication->run()
#16 {main}
REQUEST_URI=/index.php?r=gii/model/index
HTTP_REFERER=http://localhost:8080/index.php?r=gii
---
2025/05/02 20:20:29 [error] [exception.CDbException] CDbException: CDbConnection failed to open the DB connection: could not find driver in /var/www/html/WebRoot/vendor/yiisoft/yii/framework/db/CDbConnection.php:399
Stack trace:
#0 /var/www/html/WebRoot/vendor/yiisoft/yii/framework/db/CDbConnection.php(347): CDbConnection->open()
#1 /var/www/html/WebRoot/vendor/yiisoft/yii/framework/db/CDbConnection.php(325): CDbConnection->setActive(true)
#2 /var/www/html/WebRoot/vendor/yiisoft/yii/framework/base/CModule.php(394): CDbConnection->init()
#3 /var/www/html/WebRoot/vendor/yiisoft/yii/framework/base/CModule.php(103): CModule->getComponent('db')
#4 /var/www/html/WebRoot/vendor/yiisoft/yii/framework/gii/generators/model/ModelCode.php(60): CModule->__get('db')
#5 /var/www/html/WebRoot/vendor/yiisoft/yii/framework/web/CFormModel.php(39): ModelCode->init()
#6 /var/www/html/WebRoot/vendor/yiisoft/yii/framework/gii/CCodeGenerator.php(153): CFormModel->__construct()
#7 /var/www/html/WebRoot/vendor/yiisoft/yii/framework/gii/CCodeGenerator.php(63): CCodeGenerator->prepare()
#8 /var/www/html/WebRoot/vendor/yiisoft/yii/framework/web/actions/CInlineAction.php(49): CCodeGenerator->actionIndex()
#9 /var/www/html/WebRoot/vendor/yiisoft/yii/framework/web/CController.php(308): CInlineAction->runWithParams(Array)
#10 /var/www/html/WebRoot/vendor/yiisoft/yii/framework/web/CController.php(286): CController->runAction(Object(CInlineAction))
#11 /var/www/html/WebRoot/vendor/yiisoft/yii/framework/web/CController.php(265): CController->runActionWithFilters(Object(CInlineAction), Array)
#12 /var/www/html/WebRoot/vendor/yiisoft/yii/framework/web/CWebApplication.php(282): CController->run('index')
#13 /var/www/html/WebRoot/vendor/yiisoft/yii/framework/web/CWebApplication.php(141): CWebApplication->runController('gii/model/index')
#14 /var/www/html/WebRoot/vendor/yiisoft/yii/framework/base/CApplication.php(185): CWebApplication->processRequest()
#15 /var/www/html/WebRoot/src/index.php(11): CApplication->run()
#16 {main}
REQUEST_URI=/index.php?r=gii/model/index
HTTP_REFERER=http://localhost:8080/index.php?r=gii/default/index
---
2025/05/02 20:23:51 [error] [exception.CDbException] CDbException: CDbConnection failed to open the DB connection: could not find driver in /var/www/html/WebRoot/vendor/yiisoft/yii/framework/db/CDbConnection.php:399
Stack trace:
#0 /var/www/html/WebRoot/vendor/yiisoft/yii/framework/db/CDbConnection.php(347): CDbConnection->open()
#1 /var/www/html/WebRoot/vendor/yiisoft/yii/framework/db/CDbConnection.php(325): CDbConnection->setActive(true)
#2 /var/www/html/WebRoot/vendor/yiisoft/yii/framework/base/CModule.php(394): CDbConnection->init()
#3 /var/www/html/WebRoot/vendor/yiisoft/yii/framework/base/CModule.php(103): CModule->getComponent('db')
#4 /var/www/html/WebRoot/vendor/yiisoft/yii/framework/gii/generators/model/ModelCode.php(60): CModule->__get('db')
#5 /var/www/html/WebRoot/vendor/yiisoft/yii/framework/web/CFormModel.php(39): ModelCode->init()
#6 /var/www/html/WebRoot/vendor/yiisoft/yii/framework/gii/CCodeGenerator.php(153): CFormModel->__construct()
#7 /var/www/html/WebRoot/vendor/yiisoft/yii/framework/gii/CCodeGenerator.php(63): CCodeGenerator->prepare()
#8 /var/www/html/WebRoot/vendor/yiisoft/yii/framework/web/actions/CInlineAction.php(49): CCodeGenerator->actionIndex()
#9 /var/www/html/WebRoot/vendor/yiisoft/yii/framework/web/CController.php(308): CInlineAction->runWithParams(Array)
#10 /var/www/html/WebRoot/vendor/yiisoft/yii/framework/web/CController.php(286): CController->runAction(Object(CInlineAction))
#11 /var/www/html/WebRoot/vendor/yiisoft/yii/framework/web/CController.php(265): CController->runActionWithFilters(Object(CInlineAction), Array)
#12 /var/www/html/WebRoot/vendor/yiisoft/yii/framework/web/CWebApplication.php(282): CController->run('index')
#13 /var/www/html/WebRoot/vendor/yiisoft/yii/framework/web/CWebApplication.php(141): CWebApplication->runController('gii/model/index')
#14 /var/www/html/WebRoot/vendor/yiisoft/yii/framework/base/CApplication.php(185): CWebApplication->processRequest()
#15 /var/www/html/WebRoot/src/index.php(11): CApplication->run()
#16 {main}
REQUEST_URI=/index.php?r=gii/model/index
HTTP_REFERER=http://localhost:8080/index.php?r=gii/
---
2025/05/02 20:27:19 [error] [exception.CDbException] CDbException: CDbConnection failed to open the DB connection: could not find driver in /var/www/html/WebRoot/vendor/yiisoft/yii/framework/db/CDbConnection.php:399
Stack trace:
#0 /var/www/html/WebRoot/vendor/yiisoft/yii/framework/db/CDbConnection.php(347): CDbConnection->open()
#1 /var/www/html/WebRoot/vendor/yiisoft/yii/framework/db/CDbConnection.php(325): CDbConnection->setActive(true)
#2 /var/www/html/WebRoot/vendor/yiisoft/yii/framework/base/CModule.php(394): CDbConnection->init()
#3 /var/www/html/WebRoot/vendor/yiisoft/yii/framework/base/CModule.php(103): CModule->getComponent('db')
#4 /var/www/html/WebRoot/vendor/yiisoft/yii/framework/gii/generators/model/ModelCode.php(60): CModule->__get('db')
#5 /var/www/html/WebRoot/vendor/yiisoft/yii/framework/web/CFormModel.php(39): ModelCode->init()
#6 /var/www/html/WebRoot/vendor/yiisoft/yii/framework/gii/CCodeGenerator.php(153): CFormModel->__construct()
#7 /var/www/html/WebRoot/vendor/yiisoft/yii/framework/gii/CCodeGenerator.php(63): CCodeGenerator->prepare()
#8 /var/www/html/WebRoot/vendor/yiisoft/yii/framework/web/actions/CInlineAction.php(49): CCodeGenerator->actionIndex()
#9 /var/www/html/WebRoot/vendor/yiisoft/yii/framework/web/CController.php(308): CInlineAction->runWithParams(Array)
#10 /var/www/html/WebRoot/vendor/yiisoft/yii/framework/web/CController.php(286): CController->runAction(Object(CInlineAction))
#11 /var/www/html/WebRoot/vendor/yiisoft/yii/framework/web/CController.php(265): CController->runActionWithFilters(Object(CInlineAction), Array)
#12 /var/www/html/WebRoot/vendor/yiisoft/yii/framework/web/CWebApplication.php(282): CController->run('index')
#13 /var/www/html/WebRoot/vendor/yiisoft/yii/framework/web/CWebApplication.php(141): CWebApplication->runController('gii/model/index')
#14 /var/www/html/WebRoot/vendor/yiisoft/yii/framework/base/CApplication.php(185): CWebApplication->processRequest()
#15 /var/www/html/WebRoot/src/index.php(11): CApplication->run()
#16 {main}
REQUEST_URI=/index.php?r=gii/model/index
HTTP_REFERER=http://localhost:8080/index.php?r=gii/default/index
---
2025/05/02 20:32:19 [error] [exception.CDbException] CDbException: CDbConnection failed to open the DB connection: SQLSTATE[HY000] [2054] The server requested authentication method unknown to the client in /var/www/html/WebRoot/vendor/yiisoft/yii/framework/db/CDbConnection.php:399
Stack trace:
#0 /var/www/html/WebRoot/vendor/yiisoft/yii/framework/db/CDbConnection.php(347): CDbConnection->open()
#1 /var/www/html/WebRoot/vendor/yiisoft/yii/framework/db/CDbConnection.php(325): CDbConnection->setActive(true)
#2 /var/www/html/WebRoot/vendor/yiisoft/yii/framework/base/CModule.php(394): CDbConnection->init()
#3 /var/www/html/WebRoot/vendor/yiisoft/yii/framework/base/CModule.php(103): CModule->getComponent('db')
#4 /var/www/html/WebRoot/vendor/yiisoft/yii/framework/gii/generators/model/ModelCode.php(60): CModule->__get('db')
#5 /var/www/html/WebRoot/vendor/yiisoft/yii/framework/web/CFormModel.php(39): ModelCode->init()
#6 /var/www/html/WebRoot/vendor/yiisoft/yii/framework/gii/CCodeGenerator.php(153): CFormModel->__construct()
#7 /var/www/html/WebRoot/vendor/yiisoft/yii/framework/gii/CCodeGenerator.php(63): CCodeGenerator->prepare()
#8 /var/www/html/WebRoot/vendor/yiisoft/yii/framework/web/actions/CInlineAction.php(49): CCodeGenerator->actionIndex()
#9 /var/www/html/WebRoot/vendor/yiisoft/yii/framework/web/CController.php(308): CInlineAction->runWithParams(Array)
#10 /var/www/html/WebRoot/vendor/yiisoft/yii/framework/web/CController.php(286): CController->runAction(Object(CInlineAction))
#11 /var/www/html/WebRoot/vendor/yiisoft/yii/framework/web/CController.php(265): CController->runActionWithFilters(Object(CInlineAction), Array)
#12 /var/www/html/WebRoot/vendor/yiisoft/yii/framework/web/CWebApplication.php(282): CController->run('index')
#13 /var/www/html/WebRoot/vendor/yiisoft/yii/framework/web/CWebApplication.php(141): CWebApplication->runController('gii/model/index')
#14 /var/www/html/WebRoot/vendor/yiisoft/yii/framework/base/CApplication.php(185): CWebApplication->processRequest()
#15 /var/www/html/WebRoot/src/index.php(11): CApplication->run()
#16 {main}
REQUEST_URI=/index.php?r=gii/model/index
HTTP_REFERER=http://localhost:8080/index.php?r=gii/default/index
---
2025/05/02 20:35:46 [error] [exception.CDbException] CDbException: CDbConnection failed to open the DB connection: SQLSTATE[HY000] [2054] The server requested authentication method unknown to the client in /var/www/html/WebRoot/vendor/yiisoft/yii/framework/db/CDbConnection.php:399
Stack trace:
#0 /var/www/html/WebRoot/vendor/yiisoft/yii/framework/db/CDbConnection.php(347): CDbConnection->open()
#1 /var/www/html/WebRoot/vendor/yiisoft/yii/framework/db/CDbConnection.php(325): CDbConnection->setActive(true)
#2 /var/www/html/WebRoot/vendor/yiisoft/yii/framework/base/CModule.php(394): CDbConnection->init()
#3 /var/www/html/WebRoot/vendor/yiisoft/yii/framework/base/CModule.php(103): CModule->getComponent('db')
#4 /var/www/html/WebRoot/vendor/yiisoft/yii/framework/gii/generators/model/ModelCode.php(60): CModule->__get('db')
#5 /var/www/html/WebRoot/vendor/yiisoft/yii/framework/web/CFormModel.php(39): ModelCode->init()
#6 /var/www/html/WebRoot/vendor/yiisoft/yii/framework/gii/CCodeGenerator.php(153): CFormModel->__construct()
#7 /var/www/html/WebRoot/vendor/yiisoft/yii/framework/gii/CCodeGenerator.php(63): CCodeGenerator->prepare()
#8 /var/www/html/WebRoot/vendor/yiisoft/yii/framework/web/actions/CInlineAction.php(49): CCodeGenerator->actionIndex()
#9 /var/www/html/WebRoot/vendor/yiisoft/yii/framework/web/CController.php(308): CInlineAction->runWithParams(Array)
#10 /var/www/html/WebRoot/vendor/yiisoft/yii/framework/web/CController.php(286): CController->runAction(Object(CInlineAction))
#11 /var/www/html/WebRoot/vendor/yiisoft/yii/framework/web/CController.php(265): CController->runActionWithFilters(Object(CInlineAction), Array)
#12 /var/www/html/WebRoot/vendor/yiisoft/yii/framework/web/CWebApplication.php(282): CController->run('index')
#13 /var/www/html/WebRoot/vendor/yiisoft/yii/framework/web/CWebApplication.php(141): CWebApplication->runController('gii/model/index')
#14 /var/www/html/WebRoot/vendor/yiisoft/yii/framework/base/CApplication.php(185): CWebApplication->processRequest()
#15 /var/www/html/WebRoot/src/index.php(11): CApplication->run()
#16 {main}
REQUEST_URI=/index.php?r=gii/model/index
HTTP_REFERER=http://localhost:8080/index.php?r=gii/default/index
---
2025/05/02 20:45:23 [error] [exception.CHttpException.403] CHttpException: You are not allowed to access this page. in /var/www/html/WebRoot/vendor/yiisoft/yii/framework/gii/GiiModule.php:170
Stack trace:
#0 /var/www/html/WebRoot/vendor/yiisoft/yii/framework/web/CController.php(263): GiiModule->beforeControllerAction(Object(ModelGenerator), Object(CInlineAction))
#1 /var/www/html/WebRoot/vendor/yiisoft/yii/framework/web/CWebApplication.php(282): CController->run('index')
#2 /var/www/html/WebRoot/vendor/yiisoft/yii/framework/web/CWebApplication.php(141): CWebApplication->runController('gii/model/index')
#3 /var/www/html/WebRoot/vendor/yiisoft/yii/framework/base/CApplication.php(185): CWebApplication->processRequest()
#4 /var/www/html/WebRoot/src/index.php(11): CApplication->run()
#5 {main}
REQUEST_URI=/index.php?r=gii/model/index
HTTP_REFERER=http://localhost:8080/index.php?r=gii/default/index
---
2025/05/02 20:45:39 [error] [exception.CHttpException.403] CHttpException: You are not allowed to access this page. in /var/www/html/WebRoot/vendor/yiisoft/yii/framework/gii/GiiModule.php:170
Stack trace:
#0 /var/www/html/WebRoot/vendor/yiisoft/yii/framework/web/CController.php(263): GiiModule->beforeControllerAction(Object(ModelGenerator), Object(CInlineAction))
#1 /var/www/html/WebRoot/vendor/yiisoft/yii/framework/web/CWebApplication.php(282): CController->run('index')
#2 /var/www/html/WebRoot/vendor/yiisoft/yii/framework/web/CWebApplication.php(141): CWebApplication->runController('gii/model/index')
#3 /var/www/html/WebRoot/vendor/yiisoft/yii/framework/base/CApplication.php(185): CWebApplication->processRequest()
#4 /var/www/html/WebRoot/src/index.php(11): CApplication->run()
#5 {main}
REQUEST_URI=/index.php?r=gii/model/index
HTTP_REFERER=http://localhost:8080/index.php?r=gii/default/index
---
2025/05/02 20:45:53 [error] [exception.CDbException] CDbException: CDbConnection failed to open the DB connection: SQLSTATE[HY000] [2054] The server requested authentication method unknown to the client in /var/www/html/WebRoot/vendor/yiisoft/yii/framework/db/CDbConnection.php:399
Stack trace:
#0 /var/www/html/WebRoot/vendor/yiisoft/yii/framework/db/CDbConnection.php(347): CDbConnection->open()
#1 /var/www/html/WebRoot/vendor/yiisoft/yii/framework/db/CDbConnection.php(325): CDbConnection->setActive(true)
#2 /var/www/html/WebRoot/vendor/yiisoft/yii/framework/base/CModule.php(394): CDbConnection->init()
#3 /var/www/html/WebRoot/vendor/yiisoft/yii/framework/base/CModule.php(103): CModule->getComponent('db')
#4 /var/www/html/WebRoot/vendor/yiisoft/yii/framework/gii/generators/model/ModelCode.php(60): CModule->__get('db')
#5 /var/www/html/WebRoot/vendor/yiisoft/yii/framework/web/CFormModel.php(39): ModelCode->init()
#6 /var/www/html/WebRoot/vendor/yiisoft/yii/framework/gii/CCodeGenerator.php(153): CFormModel->__construct()
#7 /var/www/html/WebRoot/vendor/yiisoft/yii/framework/gii/CCodeGenerator.php(63): CCodeGenerator->prepare()
#8 /var/www/html/WebRoot/vendor/yiisoft/yii/framework/web/actions/CInlineAction.php(49): CCodeGenerator->actionIndex()
#9 /var/www/html/WebRoot/vendor/yiisoft/yii/framework/web/CController.php(308): CInlineAction->runWithParams(Array)
#10 /var/www/html/WebRoot/vendor/yiisoft/yii/framework/web/CController.php(286): CController->runAction(Object(CInlineAction))
#11 /var/www/html/WebRoot/vendor/yiisoft/yii/framework/web/CController.php(265): CController->runActionWithFilters(Object(CInlineAction), Array)
#12 /var/www/html/WebRoot/vendor/yiisoft/yii/framework/web/CWebApplication.php(282): CController->run('index')
#13 /var/www/html/WebRoot/vendor/yiisoft/yii/framework/web/CWebApplication.php(141): CWebApplication->runController('gii/model/index')
#14 /var/www/html/WebRoot/vendor/yiisoft/yii/framework/base/CApplication.php(185): CWebApplication->processRequest()
#15 /var/www/html/WebRoot/src/index.php(11): CApplication->run()
#16 {main}
REQUEST_URI=/index.php?r=gii/model/index
HTTP_REFERER=http://localhost:8080/index.php?r=gii/default/index
---
2025/05/02 20:54:15 [error] [exception.CDbException] CDbException: CDbConnection failed to open the DB connection: SQLSTATE[HY000] [2054] The server requested authentication method unknown to the client in /var/www/html/WebRoot/vendor/yiisoft/yii/framework/db/CDbConnection.php:399
Stack trace:
#0 /var/www/html/WebRoot/vendor/yiisoft/yii/framework/db/CDbConnection.php(347): CDbConnection->open()
#1 /var/www/html/WebRoot/vendor/yiisoft/yii/framework/db/CDbConnection.php(325): CDbConnection->setActive(true)
#2 /var/www/html/WebRoot/vendor/yiisoft/yii/framework/base/CModule.php(394): CDbConnection->init()
#3 /var/www/html/WebRoot/vendor/yiisoft/yii/framework/base/CModule.php(103): CModule->getComponent('db')
#4 /var/www/html/WebRoot/vendor/yiisoft/yii/framework/gii/generators/model/ModelCode.php(60): CModule->__get('db')
#5 /var/www/html/WebRoot/vendor/yiisoft/yii/framework/web/CFormModel.php(39): ModelCode->init()
#6 /var/www/html/WebRoot/vendor/yiisoft/yii/framework/gii/CCodeGenerator.php(153): CFormModel->__construct()
#7 /var/www/html/WebRoot/vendor/yiisoft/yii/framework/gii/CCodeGenerator.php(63): CCodeGenerator->prepare()
#8 /var/www/html/WebRoot/vendor/yiisoft/yii/framework/web/actions/CInlineAction.php(49): CCodeGenerator->actionIndex()
#9 /var/www/html/WebRoot/vendor/yiisoft/yii/framework/web/CController.php(308): CInlineAction->runWithParams(Array)
#10 /var/www/html/WebRoot/vendor/yiisoft/yii/framework/web/CController.php(286): CController->runAction(Object(CInlineAction))
#11 /var/www/html/WebRoot/vendor/yiisoft/yii/framework/web/CController.php(265): CController->runActionWithFilters(Object(CInlineAction), Array)
#12 /var/www/html/WebRoot/vendor/yiisoft/yii/framework/web/CWebApplication.php(282): CController->run('index')
#13 /var/www/html/WebRoot/vendor/yiisoft/yii/framework/web/CWebApplication.php(141): CWebApplication->runController('gii/model/index')
#14 /var/www/html/WebRoot/vendor/yiisoft/yii/framework/base/CApplication.php(185): CWebApplication->processRequest()
#15 /var/www/html/WebRoot/src/index.php(11): CApplication->run()
#16 {main}
REQUEST_URI=/index.php?r=gii/model/index
HTTP_REFERER=http://localhost:8080/index.php?r=gii/default/index
---
2025/05/02 20:54:16 [error] [exception.CDbException] CDbException: CDbConnection failed to open the DB connection: SQLSTATE[HY000] [2054] The server requested authentication method unknown to the client in /var/www/html/WebRoot/vendor/yiisoft/yii/framework/db/CDbConnection.php:399
Stack trace:
#0 /var/www/html/WebRoot/vendor/yiisoft/yii/framework/db/CDbConnection.php(347): CDbConnection->open()
#1 /var/www/html/WebRoot/vendor/yiisoft/yii/framework/db/CDbConnection.php(325): CDbConnection->setActive(true)
#2 /var/www/html/WebRoot/vendor/yiisoft/yii/framework/base/CModule.php(394): CDbConnection->init()
#3 /var/www/html/WebRoot/vendor/yiisoft/yii/framework/base/CModule.php(103): CModule->getComponent('db')
#4 /var/www/html/WebRoot/vendor/yiisoft/yii/framework/gii/generators/model/ModelCode.php(60): CModule->__get('db')
#5 /var/www/html/WebRoot/vendor/yiisoft/yii/framework/web/CFormModel.php(39): ModelCode->init()
#6 /var/www/html/WebRoot/vendor/yiisoft/yii/framework/gii/CCodeGenerator.php(153): CFormModel->__construct()
#7 /var/www/html/WebRoot/vendor/yiisoft/yii/framework/gii/CCodeGenerator.php(63): CCodeGenerator->prepare()
#8 /var/www/html/WebRoot/vendor/yiisoft/yii/framework/web/actions/CInlineAction.php(49): CCodeGenerator->actionIndex()
#9 /var/www/html/WebRoot/vendor/yiisoft/yii/framework/web/CController.php(308): CInlineAction->runWithParams(Array)
#10 /var/www/html/WebRoot/vendor/yiisoft/yii/framework/web/CController.php(286): CController->runAction(Object(CInlineAction))
#11 /var/www/html/WebRoot/vendor/yiisoft/yii/framework/web/CController.php(265): CController->runActionWithFilters(Object(CInlineAction), Array)
#12 /var/www/html/WebRoot/vendor/yiisoft/yii/framework/web/CWebApplication.php(282): CController->run('index')
#13 /var/www/html/WebRoot/vendor/yiisoft/yii/framework/web/CWebApplication.php(141): CWebApplication->runController('gii/model/index')
#14 /var/www/html/WebRoot/vendor/yiisoft/yii/framework/base/CApplication.php(185): CWebApplication->processRequest()
#15 /var/www/html/WebRoot/src/index.php(11): CApplication->run()
#16 {main}
REQUEST_URI=/index.php?r=gii/model/index
HTTP_REFERER=http://localhost:8080/index.php?r=gii/default/index
---
2025/05/02 21:00:35 [error] [exception.CDbException] CDbException: CDbConnection failed to open the DB connection: SQLSTATE[HY000] [2002] php_network_getaddresses: getaddrinfo failed: Temporary failure in name resolution in /var/www/html/WebRoot/vendor/yiisoft/yii/framework/db/CDbConnection.php:399
Stack trace:
#0 /var/www/html/WebRoot/vendor/yiisoft/yii/framework/db/CDbConnection.php(347): CDbConnection->open()
#1 /var/www/html/WebRoot/vendor/yiisoft/yii/framework/db/CDbConnection.php(325): CDbConnection->setActive(true)
#2 /var/www/html/WebRoot/vendor/yiisoft/yii/framework/base/CModule.php(394): CDbConnection->init()
#3 /var/www/html/WebRoot/vendor/yiisoft/yii/framework/base/CModule.php(103): CModule->getComponent('db')
#4 /var/www/html/WebRoot/vendor/yiisoft/yii/framework/gii/generators/model/ModelCode.php(60): CModule->__get('db')
#5 /var/www/html/WebRoot/vendor/yiisoft/yii/framework/web/CFormModel.php(39): ModelCode->init()
#6 /var/www/html/WebRoot/vendor/yiisoft/yii/framework/gii/CCodeGenerator.php(153): CFormModel->__construct()
#7 /var/www/html/WebRoot/vendor/yiisoft/yii/framework/gii/CCodeGenerator.php(63): CCodeGenerator->prepare()
#8 /var/www/html/WebRoot/vendor/yiisoft/yii/framework/web/actions/CInlineAction.php(49): CCodeGenerator->actionIndex()
#9 /var/www/html/WebRoot/vendor/yiisoft/yii/framework/web/CController.php(308): CInlineAction->runWithParams(Array)
#10 /var/www/html/WebRoot/vendor/yiisoft/yii/framework/web/CController.php(286): CController->runAction(Object(CInlineAction))
#11 /var/www/html/WebRoot/vendor/yiisoft/yii/framework/web/CController.php(265): CController->runActionWithFilters(Object(CInlineAction), Array)
#12 /var/www/html/WebRoot/vendor/yiisoft/yii/framework/web/CWebApplication.php(282): CController->run('index')
#13 /var/www/html/WebRoot/vendor/yiisoft/yii/framework/web/CWebApplication.php(141): CWebApplication->runController('gii/model/index')
#14 /var/www/html/WebRoot/vendor/yiisoft/yii/framework/base/CApplication.php(185): CWebApplication->processRequest()
#15 /var/www/html/WebRoot/src/index.php(11): CApplication->run()
#16 {main}
REQUEST_URI=/index.php?r=gii/model/index
HTTP_REFERER=http://localhost:8080/index.php?r=gii/default/index
---
2025/05/02 21:00:37 [error] [exception.CDbException] CDbException: CDbConnection failed to open the DB connection: SQLSTATE[HY000] [2002] php_network_getaddresses: getaddrinfo failed: Temporary failure in name resolution in /var/www/html/WebRoot/vendor/yiisoft/yii/framework/db/CDbConnection.php:399
Stack trace:
#0 /var/www/html/WebRoot/vendor/yiisoft/yii/framework/db/CDbConnection.php(347): CDbConnection->open()
#1 /var/www/html/WebRoot/vendor/yiisoft/yii/framework/db/CDbConnection.php(325): CDbConnection->setActive(true)
#2 /var/www/html/WebRoot/vendor/yiisoft/yii/framework/base/CModule.php(394): CDbConnection->init()
#3 /var/www/html/WebRoot/vendor/yiisoft/yii/framework/base/CModule.php(103): CModule->getComponent('db')
#4 /var/www/html/WebRoot/vendor/yiisoft/yii/framework/gii/generators/model/ModelCode.php(60): CModule->__get('db')
#5 /var/www/html/WebRoot/vendor/yiisoft/yii/framework/web/CFormModel.php(39): ModelCode->init()
#6 /var/www/html/WebRoot/vendor/yiisoft/yii/framework/gii/CCodeGenerator.php(153): CFormModel->__construct()
#7 /var/www/html/WebRoot/vendor/yiisoft/yii/framework/gii/CCodeGenerator.php(63): CCodeGenerator->prepare()
#8 /var/www/html/WebRoot/vendor/yiisoft/yii/framework/web/actions/CInlineAction.php(49): CCodeGenerator->actionIndex()
#9 /var/www/html/WebRoot/vendor/yiisoft/yii/framework/web/CController.php(308): CInlineAction->runWithParams(Array)
#10 /var/www/html/WebRoot/vendor/yiisoft/yii/framework/web/CController.php(286): CController->runAction(Object(CInlineAction))
#11 /var/www/html/WebRoot/vendor/yiisoft/yii/framework/web/CController.php(265): CController->runActionWithFilters(Object(CInlineAction), Array)
#12 /var/www/html/WebRoot/vendor/yiisoft/yii/framework/web/CWebApplication.php(282): CController->run('index')
#13 /var/www/html/WebRoot/vendor/yiisoft/yii/framework/web/CWebApplication.php(141): CWebApplication->runController('gii/model/index')
#14 /var/www/html/WebRoot/vendor/yiisoft/yii/framework/base/CApplication.php(185): CWebApplication->processRequest()
#15 /var/www/html/WebRoot/src/index.php(11): CApplication->run()
#16 {main}
REQUEST_URI=/index.php?r=gii/model/index
HTTP_REFERER=http://localhost:8080/index.php?r=gii/default/index
---
2025/05/02 21:00:44 [error] [exception.CDbException] CDbException: CDbConnection failed to open the DB connection: SQLSTATE[HY000] [2054] The server requested authentication method unknown to the client in /var/www/html/WebRoot/vendor/yiisoft/yii/framework/db/CDbConnection.php:399
Stack trace:
#0 /var/www/html/WebRoot/vendor/yiisoft/yii/framework/db/CDbConnection.php(347): CDbConnection->open()
#1 /var/www/html/WebRoot/vendor/yiisoft/yii/framework/db/CDbConnection.php(325): CDbConnection->setActive(true)
#2 /var/www/html/WebRoot/vendor/yiisoft/yii/framework/base/CModule.php(394): CDbConnection->init()
#3 /var/www/html/WebRoot/vendor/yiisoft/yii/framework/base/CModule.php(103): CModule->getComponent('db')
#4 /var/www/html/WebRoot/vendor/yiisoft/yii/framework/gii/generators/model/ModelCode.php(60): CModule->__get('db')
#5 /var/www/html/WebRoot/vendor/yiisoft/yii/framework/web/CFormModel.php(39): ModelCode->init()
#6 /var/www/html/WebRoot/vendor/yiisoft/yii/framework/gii/CCodeGenerator.php(153): CFormModel->__construct()
#7 /var/www/html/WebRoot/vendor/yiisoft/yii/framework/gii/CCodeGenerator.php(63): CCodeGenerator->prepare()
#8 /var/www/html/WebRoot/vendor/yiisoft/yii/framework/web/actions/CInlineAction.php(49): CCodeGenerator->actionIndex()
#9 /var/www/html/WebRoot/vendor/yiisoft/yii/framework/web/CController.php(308): CInlineAction->runWithParams(Array)
#10 /var/www/html/WebRoot/vendor/yiisoft/yii/framework/web/CController.php(286): CController->runAction(Object(CInlineAction))
#11 /var/www/html/WebRoot/vendor/yiisoft/yii/framework/web/CController.php(265): CController->runActionWithFilters(Object(CInlineAction), Array)
#12 /var/www/html/WebRoot/vendor/yiisoft/yii/framework/web/CWebApplication.php(282): CController->run('index')
#13 /var/www/html/WebRoot/vendor/yiisoft/yii/framework/web/CWebApplication.php(141): CWebApplication->runController('gii/model/index')
#14 /var/www/html/WebRoot/vendor/yiisoft/yii/framework/base/CApplication.php(185): CWebApplication->processRequest()
#15 /var/www/html/WebRoot/src/index.php(11): CApplication->run()
#16 {main}
REQUEST_URI=/index.php?r=gii/model/index
HTTP_REFERER=http://localhost:8080/index.php?r=gii/default/index
---
2025/05/02 21:00:55 [error] [exception.CDbException] CDbException: CDbConnection failed to open the DB connection: SQLSTATE[HY000] [2054] The server requested authentication method unknown to the client in /var/www/html/WebRoot/vendor/yiisoft/yii/framework/db/CDbConnection.php:399
Stack trace:
#0 /var/www/html/WebRoot/vendor/yiisoft/yii/framework/db/CDbConnection.php(347): CDbConnection->open()
#1 /var/www/html/WebRoot/vendor/yiisoft/yii/framework/db/CDbConnection.php(325): CDbConnection->setActive(true)
#2 /var/www/html/WebRoot/vendor/yiisoft/yii/framework/base/CModule.php(394): CDbConnection->init()
#3 /var/www/html/WebRoot/vendor/yiisoft/yii/framework/base/CModule.php(103): CModule->getComponent('db')
#4 /var/www/html/WebRoot/vendor/yiisoft/yii/framework/gii/generators/model/ModelCode.php(60): CModule->__get('db')
#5 /var/www/html/WebRoot/vendor/yiisoft/yii/framework/web/CFormModel.php(39): ModelCode->init()
#6 /var/www/html/WebRoot/vendor/yiisoft/yii/framework/gii/CCodeGenerator.php(153): CFormModel->__construct()
#7 /var/www/html/WebRoot/vendor/yiisoft/yii/framework/gii/CCodeGenerator.php(63): CCodeGenerator->prepare()
#8 /var/www/html/WebRoot/vendor/yiisoft/yii/framework/web/actions/CInlineAction.php(49): CCodeGenerator->actionIndex()
#9 /var/www/html/WebRoot/vendor/yiisoft/yii/framework/web/CController.php(308): CInlineAction->runWithParams(Array)
#10 /var/www/html/WebRoot/vendor/yiisoft/yii/framework/web/CController.php(286): CController->runAction(Object(CInlineAction))
#11 /var/www/html/WebRoot/vendor/yiisoft/yii/framework/web/CController.php(265): CController->runActionWithFilters(Object(CInlineAction), Array)
#12 /var/www/html/WebRoot/vendor/yiisoft/yii/framework/web/CWebApplication.php(282): CController->run('index')
#13 /var/www/html/WebRoot/vendor/yiisoft/yii/framework/web/CWebApplication.php(141): CWebApplication->runController('gii/model/index')
#14 /var/www/html/WebRoot/vendor/yiisoft/yii/framework/base/CApplication.php(185): CWebApplication->processRequest()
#15 /var/www/html/WebRoot/src/index.php(11): CApplication->run()
#16 {main}
REQUEST_URI=/index.php?r=gii/model/index
HTTP_REFERER=http://localhost:8080/index.php?r=gii/default/index
---
2025/05/02 21:01:50 [error] [exception.CDbException] CDbException: CDbConnection failed to open the DB connection: SQLSTATE[HY000] [2054] The server requested authentication method unknown to the client in /var/www/html/WebRoot/vendor/yiisoft/yii/framework/db/CDbConnection.php:399
Stack trace:
#0 /var/www/html/WebRoot/vendor/yiisoft/yii/framework/db/CDbConnection.php(347): CDbConnection->open()
#1 /var/www/html/WebRoot/vendor/yiisoft/yii/framework/db/CDbConnection.php(325): CDbConnection->setActive(true)
#2 /var/www/html/WebRoot/vendor/yiisoft/yii/framework/base/CModule.php(394): CDbConnection->init()
#3 /var/www/html/WebRoot/vendor/yiisoft/yii/framework/base/CModule.php(103): CModule->getComponent('db')
#4 /var/www/html/WebRoot/vendor/yiisoft/yii/framework/gii/generators/model/ModelCode.php(60): CModule->__get('db')
#5 /var/www/html/WebRoot/vendor/yiisoft/yii/framework/web/CFormModel.php(39): ModelCode->init()
#6 /var/www/html/WebRoot/vendor/yiisoft/yii/framework/gii/CCodeGenerator.php(153): CFormModel->__construct()
#7 /var/www/html/WebRoot/vendor/yiisoft/yii/framework/gii/CCodeGenerator.php(63): CCodeGenerator->prepare()
#8 /var/www/html/WebRoot/vendor/yiisoft/yii/framework/web/actions/CInlineAction.php(49): CCodeGenerator->actionIndex()
#9 /var/www/html/WebRoot/vendor/yiisoft/yii/framework/web/CController.php(308): CInlineAction->runWithParams(Array)
#10 /var/www/html/WebRoot/vendor/yiisoft/yii/framework/web/CController.php(286): CController->runAction(Object(CInlineAction))
#11 /var/www/html/WebRoot/vendor/yiisoft/yii/framework/web/CController.php(265): CController->runActionWithFilters(Object(CInlineAction), Array)
#12 /var/www/html/WebRoot/vendor/yiisoft/yii/framework/web/CWebApplication.php(282): CController->run('index')
#13 /var/www/html/WebRoot/vendor/yiisoft/yii/framework/web/CWebApplication.php(141): CWebApplication->runController('gii/model/index')
#14 /var/www/html/WebRoot/vendor/yiisoft/yii/framework/base/CApplication.php(185): CWebApplication->processRequest()
#15 /var/www/html/WebRoot/src/index.php(11): CApplication->run()
#16 {main}
REQUEST_URI=/index.php?r=gii/model/index
HTTP_REFERER=http://localhost:8080/index.php?r=gii/default/index
---
2025/05/02 21:04:48 [error] [exception.CDbException] CDbException: CDbConnection failed to open the DB connection: SQLSTATE[HY000] [2054] The server requested authentication method unknown to the client in /var/www/html/WebRoot/vendor/yiisoft/yii/framework/db/CDbConnection.php:399
Stack trace:
#0 /var/www/html/WebRoot/vendor/yiisoft/yii/framework/db/CDbConnection.php(347): CDbConnection->open()
#1 /var/www/html/WebRoot/vendor/yiisoft/yii/framework/db/CDbConnection.php(325): CDbConnection->setActive(true)
#2 /var/www/html/WebRoot/vendor/yiisoft/yii/framework/base/CModule.php(394): CDbConnection->init()
#3 /var/www/html/WebRoot/vendor/yiisoft/yii/framework/base/CModule.php(103): CModule->getComponent('db')
#4 /var/www/html/WebRoot/vendor/yiisoft/yii/framework/gii/generators/model/ModelCode.php(60): CModule->__get('db')
#5 /var/www/html/WebRoot/vendor/yiisoft/yii/framework/web/CFormModel.php(39): ModelCode->init()
#6 /var/www/html/WebRoot/vendor/yiisoft/yii/framework/gii/CCodeGenerator.php(153): CFormModel->__construct()
#7 /var/www/html/WebRoot/vendor/yiisoft/yii/framework/gii/CCodeGenerator.php(63): CCodeGenerator->prepare()
#8 /var/www/html/WebRoot/vendor/yiisoft/yii/framework/web/actions/CInlineAction.php(49): CCodeGenerator->actionIndex()
#9 /var/www/html/WebRoot/vendor/yiisoft/yii/framework/web/CController.php(308): CInlineAction->runWithParams(Array)
#10 /var/www/html/WebRoot/vendor/yiisoft/yii/framework/web/CController.php(286): CController->runAction(Object(CInlineAction))
#11 /var/www/html/WebRoot/vendor/yiisoft/yii/framework/web/CController.php(265): CController->runActionWithFilters(Object(CInlineAction), Array)
#12 /var/www/html/WebRoot/vendor/yiisoft/yii/framework/web/CWebApplication.php(282): CController->run('index')
#13 /var/www/html/WebRoot/vendor/yiisoft/yii/framework/web/CWebApplication.php(141): CWebApplication->runController('gii/model/index')
#14 /var/www/html/WebRoot/vendor/yiisoft/yii/framework/base/CApplication.php(185): CWebApplication->processRequest()
#15 /var/www/html/WebRoot/src/index.php(11): CApplication->run()
#16 {main}
REQUEST_URI=/index.php?r=gii/model/index
HTTP_REFERER=http://localhost:8080/index.php?r=gii/default/index
---
2025/05/02 21:12:09 [error] [exception.CDbException] CDbException: CDbConnection failed to open the DB connection: SQLSTATE[HY000] [2054] The server requested authentication method unknown to the client in /var/www/html/WebRoot/vendor/yiisoft/yii/framework/db/CDbConnection.php:399
Stack trace:
#0 /var/www/html/WebRoot/vendor/yiisoft/yii/framework/db/CDbConnection.php(347): CDbConnection->open()
#1 /var/www/html/WebRoot/vendor/yiisoft/yii/framework/db/CDbConnection.php(325): CDbConnection->setActive(true)
#2 /var/www/html/WebRoot/vendor/yiisoft/yii/framework/base/CModule.php(394): CDbConnection->init()
#3 /var/www/html/WebRoot/vendor/yiisoft/yii/framework/base/CModule.php(103): CModule->getComponent('db')
#4 /var/www/html/WebRoot/vendor/yiisoft/yii/framework/gii/generators/model/ModelCode.php(60): CModule->__get('db')
#5 /var/www/html/WebRoot/vendor/yiisoft/yii/framework/web/CFormModel.php(39): ModelCode->init()
#6 /var/www/html/WebRoot/vendor/yiisoft/yii/framework/gii/CCodeGenerator.php(153): CFormModel->__construct()
#7 /var/www/html/WebRoot/vendor/yiisoft/yii/framework/gii/CCodeGenerator.php(63): CCodeGenerator->prepare()
#8 /var/www/html/WebRoot/vendor/yiisoft/yii/framework/web/actions/CInlineAction.php(49): CCodeGenerator->actionIndex()
#9 /var/www/html/WebRoot/vendor/yiisoft/yii/framework/web/CController.php(308): CInlineAction->runWithParams(Array)
#10 /var/www/html/WebRoot/vendor/yiisoft/yii/framework/web/CController.php(286): CController->runAction(Object(CInlineAction))
#11 /var/www/html/WebRoot/vendor/yiisoft/yii/framework/web/CController.php(265): CController->runActionWithFilters(Object(CInlineAction), Array)
#12 /var/www/html/WebRoot/vendor/yiisoft/yii/framework/web/CWebApplication.php(282): CController->run('index')
#13 /var/www/html/WebRoot/vendor/yiisoft/yii/framework/web/CWebApplication.php(141): CWebApplication->runController('gii/model/index')
#14 /var/www/html/WebRoot/vendor/yiisoft/yii/framework/base/CApplication.php(185): CWebApplication->processRequest()
#15 /var/www/html/WebRoot/src/index.php(11): CApplication->run()
#16 {main}
REQUEST_URI=/index.php?r=gii/model/index
HTTP_REFERER=http://localhost:8080/index.php?r=gii/default/index
---
2025/05/02 21:19:14 [error] [exception.CDbException] CDbException: CDbConnection failed to open the DB connection: SQLSTATE[HY000] [2002] Connection refused in /var/www/html/WebRoot/vendor/yiisoft/yii/framework/db/CDbConnection.php:399
Stack trace:
#0 /var/www/html/WebRoot/vendor/yiisoft/yii/framework/db/CDbConnection.php(347): CDbConnection->open()
#1 /var/www/html/WebRoot/vendor/yiisoft/yii/framework/db/CDbConnection.php(325): CDbConnection->setActive(true)
#2 /var/www/html/WebRoot/vendor/yiisoft/yii/framework/base/CModule.php(394): CDbConnection->init()
#3 /var/www/html/WebRoot/vendor/yiisoft/yii/framework/base/CModule.php(103): CModule->getComponent('db')
#4 /var/www/html/WebRoot/vendor/yiisoft/yii/framework/gii/generators/model/ModelCode.php(60): CModule->__get('db')
#5 /var/www/html/WebRoot/vendor/yiisoft/yii/framework/web/CFormModel.php(39): ModelCode->init()
#6 /var/www/html/WebRoot/vendor/yiisoft/yii/framework/gii/CCodeGenerator.php(153): CFormModel->__construct()
#7 /var/www/html/WebRoot/vendor/yiisoft/yii/framework/gii/CCodeGenerator.php(63): CCodeGenerator->prepare()
#8 /var/www/html/WebRoot/vendor/yiisoft/yii/framework/web/actions/CInlineAction.php(49): CCodeGenerator->actionIndex()
#9 /var/www/html/WebRoot/vendor/yiisoft/yii/framework/web/CController.php(308): CInlineAction->runWithParams(Array)
#10 /var/www/html/WebRoot/vendor/yiisoft/yii/framework/web/CController.php(286): CController->runAction(Object(CInlineAction))
#11 /var/www/html/WebRoot/vendor/yiisoft/yii/framework/web/CController.php(265): CController->runActionWithFilters(Object(CInlineAction), Array)
#12 /var/www/html/WebRoot/vendor/yiisoft/yii/framework/web/CWebApplication.php(282): CController->run('index')
#13 /var/www/html/WebRoot/vendor/yiisoft/yii/framework/web/CWebApplication.php(141): CWebApplication->runController('gii/model/index')
#14 /var/www/html/WebRoot/vendor/yiisoft/yii/framework/base/CApplication.php(185): CWebApplication->processRequest()
#15 /var/www/html/WebRoot/src/index.php(11): CApplication->run()
#16 {main}
REQUEST_URI=/index.php?r=gii/model/index
HTTP_REFERER=http://localhost:8080/index.php?r=gii/default/index
---
2025/05/02 21:19:20 [error] [exception.CDbException] CDbException: CDbConnection failed to open the DB connection: SQLSTATE[HY000] [2054] The server requested authentication method unknown to the client in /var/www/html/WebRoot/vendor/yiisoft/yii/framework/db/CDbConnection.php:399
Stack trace:
#0 /var/www/html/WebRoot/vendor/yiisoft/yii/framework/db/CDbConnection.php(347): CDbConnection->open()
#1 /var/www/html/WebRoot/vendor/yiisoft/yii/framework/db/CDbConnection.php(325): CDbConnection->setActive(true)
#2 /var/www/html/WebRoot/vendor/yiisoft/yii/framework/base/CModule.php(394): CDbConnection->init()
#3 /var/www/html/WebRoot/vendor/yiisoft/yii/framework/base/CModule.php(103): CModule->getComponent('db')
#4 /var/www/html/WebRoot/vendor/yiisoft/yii/framework/gii/generators/model/ModelCode.php(60): CModule->__get('db')
#5 /var/www/html/WebRoot/vendor/yiisoft/yii/framework/web/CFormModel.php(39): ModelCode->init()
#6 /var/www/html/WebRoot/vendor/yiisoft/yii/framework/gii/CCodeGenerator.php(153): CFormModel->__construct()
#7 /var/www/html/WebRoot/vendor/yiisoft/yii/framework/gii/CCodeGenerator.php(63): CCodeGenerator->prepare()
#8 /var/www/html/WebRoot/vendor/yiisoft/yii/framework/web/actions/CInlineAction.php(49): CCodeGenerator->actionIndex()
#9 /var/www/html/WebRoot/vendor/yiisoft/yii/framework/web/CController.php(308): CInlineAction->runWithParams(Array)
#10 /var/www/html/WebRoot/vendor/yiisoft/yii/framework/web/CController.php(286): CController->runAction(Object(CInlineAction))
#11 /var/www/html/WebRoot/vendor/yiisoft/yii/framework/web/CController.php(265): CController->runActionWithFilters(Object(CInlineAction), Array)
#12 /var/www/html/WebRoot/vendor/yiisoft/yii/framework/web/CWebApplication.php(282): CController->run('index')
#13 /var/www/html/WebRoot/vendor/yiisoft/yii/framework/web/CWebApplication.php(141): CWebApplication->runController('gii/model/index')
#14 /var/www/html/WebRoot/vendor/yiisoft/yii/framework/base/CApplication.php(185): CWebApplication->processRequest()
#15 /var/www/html/WebRoot/src/index.php(11): CApplication->run()
#16 {main}
REQUEST_URI=/index.php?r=gii/model/index
HTTP_REFERER=http://localhost:8080/index.php?r=gii/default/index
---
2025/05/02 21:19:21 [error] [exception.CDbException] CDbException: CDbConnection failed to open the DB connection: SQLSTATE[HY000] [2054] The server requested authentication method unknown to the client in /var/www/html/WebRoot/vendor/yiisoft/yii/framework/db/CDbConnection.php:399
Stack trace:
#0 /var/www/html/WebRoot/vendor/yiisoft/yii/framework/db/CDbConnection.php(347): CDbConnection->open()
#1 /var/www/html/WebRoot/vendor/yiisoft/yii/framework/db/CDbConnection.php(325): CDbConnection->setActive(true)
#2 /var/www/html/WebRoot/vendor/yiisoft/yii/framework/base/CModule.php(394): CDbConnection->init()
#3 /var/www/html/WebRoot/vendor/yiisoft/yii/framework/base/CModule.php(103): CModule->getComponent('db')
#4 /var/www/html/WebRoot/vendor/yiisoft/yii/framework/gii/generators/model/ModelCode.php(60): CModule->__get('db')
#5 /var/www/html/WebRoot/vendor/yiisoft/yii/framework/web/CFormModel.php(39): ModelCode->init()
#6 /var/www/html/WebRoot/vendor/yiisoft/yii/framework/gii/CCodeGenerator.php(153): CFormModel->__construct()
#7 /var/www/html/WebRoot/vendor/yiisoft/yii/framework/gii/CCodeGenerator.php(63): CCodeGenerator->prepare()
#8 /var/www/html/WebRoot/vendor/yiisoft/yii/framework/web/actions/CInlineAction.php(49): CCodeGenerator->actionIndex()
#9 /var/www/html/WebRoot/vendor/yiisoft/yii/framework/web/CController.php(308): CInlineAction->runWithParams(Array)
#10 /var/www/html/WebRoot/vendor/yiisoft/yii/framework/web/CController.php(286): CController->runAction(Object(CInlineAction))
#11 /var/www/html/WebRoot/vendor/yiisoft/yii/framework/web/CController.php(265): CController->runActionWithFilters(Object(CInlineAction), Array)
#12 /var/www/html/WebRoot/vendor/yiisoft/yii/framework/web/CWebApplication.php(282): CController->run('index')
#13 /var/www/html/WebRoot/vendor/yiisoft/yii/framework/web/CWebApplication.php(141): CWebApplication->runController('gii/model/index')
#14 /var/www/html/WebRoot/vendor/yiisoft/yii/framework/base/CApplication.php(185): CWebApplication->processRequest()
#15 /var/www/html/WebRoot/src/index.php(11): CApplication->run()
#16 {main}
REQUEST_URI=/index.php?r=gii/model/index
HTTP_REFERER=http://localhost:8080/index.php?r=gii/default/index
---
